image_id,rgb_path,mask_path,exif_orientation,fixed_w,fixed_h,match_raw,match_fixed,align_fixed,align_unfixed,crack_pixels,crack_ratio,dup_group,stratum,split
001,data/concrete_crack_segmentation/rgb/001.jpg,data/concrete_crack_segmentation/BW/001.jpg,,2448,3264,True,True,28.954483032226562,28.954483032226562,75721,0.00947664860470332,0,0,val
011,data/concrete_crack_segmentation/rgb/011.jpg,data/concrete_crack_segmentation/BW/011.jpg,,2448,3264,True,True,34.38951873779297,34.38951873779297,39734,0.004972796921056004,1,0,test
017,data/concrete_crack_segmentation/rgb/017.jpg,data/concrete_crack_segmentation/BW/017.jpg,,4032,3024,True,True,36.02136993408203,36.02136993408203,62687,0.005141326399386915,2,0,train
018,data/concrete_crack_segmentation/rgb/018.jpg,data/concrete_crack_segmentation/BW/018.jpg,,4032,3024,True,True,46.21189880371094,46.21189880371094,59855,0.004909057565927606,3,0,train
019,data/concrete_crack_segmentation/rgb/019.jpg,data/concrete_crack_segmentation/BW/019.jpg,,4032,3024,True,True,68.29029083251953,68.29029083251953,82984,0.0068060017216763245,4,0,train
020,data/concrete_crack_segmentation/rgb/020.jpg,data/concrete_crack_segmentation/BW/020.jpg,,4032,3024,True,True,51.98614501953125,51.98614501953125,129571,0.010626873241580582,5,1,train
021,data/concrete_crack_segmentation/rgb/021.jpg,data/concrete_crack_segmentation/BW/021.jpg,,4032,3024,True,True,62.10943603515625,62.10943603515625,112006,0.009186265169648105,6,0,val
023,data/concrete_crack_segmentation/rgb/023.jpg,data/concrete_crack_segmentation/BW/023.jpg,,4032,3024,True,True,59.96144104003906,59.96144104003906,179957,0.014759322903544134,7,2,train
024,data/concrete_crack_segmentation/rgb/024.jpg,data/concrete_crack_segmentation/BW/024.jpg,,4032,3024,True,True,50.315582275390625,50.315582275390625,152745,0.01252750810972537,8,2,train
025,data/concrete_crack_segmentation/rgb/025.jpg,data/concrete_crack_segmentation/BW/025.jpg,,4032,3024,True,True,48.72862243652344,48.72862243652344,68480,0.0056164441085076,9,0,train
026,data/concrete_crack_segmentation/rgb/026.jpg,data/concrete_crack_segmentation/BW/026.jpg,,4032,3024,True,True,47.81248474121094,47.81248474121094,69884,0.00573159433526497,10,0,train
027,data/concrete_crack_segmentation/rgb/027.jpg,data/concrete_crack_segmentation/BW/027.jpg,,4032,3024,True,True,40.52910614013672,40.52910614013672,60603,0.0049704054075333836,11,0,train
028,data/concrete_crack_segmentation/rgb/028.jpg,data/concrete_crack_segmentation/BW/028.jpg,,4032,3024,True,True,37.23699951171875,37.23699951171875,63176,0.005181432140757537,12,0,train
029,data/concrete_crack_segmentation/rgb/029.jpg,data/concrete_crack_segmentation/BW/029.jpg,,4032,3024,True,True,46.62470245361328,46.62470245361328,72066,0.005910552878558831,13,0,train
030,data/concrete_crack_segmentation/rgb/030.jpg,data/concrete_crack_segmentation/BW/030.jpg,,4032,3024,True,True,42.98911666870117,42.98911666870117,48082,0.00394348518728479,14,0,train
031,data/concrete_crack_segmentation/rgb/031.jpg,data/concrete_crack_segmentation/BW/031.jpg,,4032,3024,True,True,41.52503967285156,41.52503967285156,53229,0.004365620669564122,15,0,train
032,data/concrete_crack_segmentation/rgb/032.jpg,data/concrete_crack_segmentation/BW/032.jpg,,4032,3024,True,True,42.055198669433594,42.055198669433594,48356,0.003965957524985303,16,0,train
034,data/concrete_crack_segmentation/rgb/034.jpg,data/concrete_crack_segmentation/BW/034.jpg,,4032,3024,True,True,54.799705505371094,54.799705505371094,79610,0.006529280307802133,17,0,train
035,data/concrete_crack_segmentation/rgb/035.jpg,data/concrete_crack_segmentation/BW/035.jpg,,4032,3024,True,True,45.57624053955078,45.57624053955078,97288,0.007979156168640296,18,0,val
036,data/concrete_crack_segmentation/rgb/036.jpg,data/concrete_crack_segmentation/BW/036.jpg,,4032,3024,True,True,51.28515625,51.28515625,110331,0.009048888652683296,19,0,val
037,data/concrete_crack_segmentation/rgb/037.jpg,data/concrete_crack_segmentation/BW/037.jpg,,4032,3024,True,True,53.260581970214844,53.260581970214844,117485,0.009635629907827329,20,1,test
038,data/concrete_crack_segmentation/rgb/038.jpg,data/concrete_crack_segmentation/BW/038.jpg,,4032,3024,True,True,48.01829528808594,48.01829528808594,84648,0.006942476064499874,21,0,val
039,data/concrete_crack_segmentation/rgb/039.jpg,data/concrete_crack_segmentation/BW/039.jpg,,4032,3024,True,True,56.64813232421875,56.64813232421875,85950,0.007049260676492819,22,0,train
040,data/concrete_crack_segmentation/rgb/040.jpg,data/concrete_crack_segmentation/BW/040.jpg,,4032,3024,True,True,43.954673767089844,43.954673767089844,135616,0.011122658940119257,23,1,train
041,data/concrete_crack_segmentation/rgb/041.jpg,data/concrete_crack_segmentation/BW/041.jpg,,4032,3024,True,True,56.72809600830078,56.72809600830078,141849,0.0116338636148904,24,1,train
042,data/concrete_crack_segmentation/rgb/042.jpg,data/concrete_crack_segmentation/BW/042.jpg,,4032,3024,True,True,58.14405822753906,58.14405822753906,107033,0.00877840044196691,25,0,train
043,data/concrete_crack_segmentation/rgb/043.jpg,data/concrete_crack_segmentation/BW/043.jpg,,4032,3024,True,True,68.6358642578125,68.6358642578125,104397,0.008562206711388258,26,0,test
045,data/concrete_crack_segmentation/rgb/045.jpg,data/concrete_crack_segmentation/BW/045.jpg,,4032,3024,True,True,68.21092224121094,68.21092224121094,141348,0.011592773683547494,27,1,train
046,data/concrete_crack_segmentation/rgb/046.jpg,data/concrete_crack_segmentation/BW/046.jpg,,4032,3024,True,True,59.95862579345703,59.95862579345703,157479,0.012915771053791887,28,2,train
047,data/concrete_crack_segmentation/rgb/047.jpg,data/concrete_crack_segmentation/BW/047.jpg,,4032,3024,True,True,56.50017547607422,56.50017547607422,151331,0.012411537724657765,29,2,train
048,data/concrete_crack_segmentation/rgb/048.jpg,data/concrete_crack_segmentation/BW/048.jpg,,4032,3024,True,True,71.62722778320312,71.62722778320312,113932,0.009344227660199883,30,0,test
049,data/concrete_crack_segmentation/rgb/049.jpg,data/concrete_crack_segmentation/BW/049.jpg,,4032,3024,True,True,71.4823226928711,71.4823226928711,119221,0.009778009390484588,31,1,train
050,data/concrete_crack_segmentation/rgb/050.jpg,data/concrete_crack_segmentation/BW/050.jpg,,4032,3024,True,True,68.38400268554688,68.38400268554688,183025,0.015010947473125053,32,2,train
051,data/concrete_crack_segmentation/rgb/051.jpg,data/concrete_crack_segmentation/BW/051.jpg,,4032,3024,True,True,70.07139587402344,70.07139587402344,149726,0.012279902315864618,33,2,train
052,data/concrete_crack_segmentation/rgb/052.jpg,data/concrete_crack_segmentation/BW/052.jpg,,4032,3024,True,True,68.094970703125,68.094970703125,102455,0.008402931967540102,34,0,train
053,data/concrete_crack_segmentation/rgb/053.jpg,data/concrete_crack_segmentation/BW/053.jpg,,4032,3024,True,True,75.96532440185547,75.96532440185547,155300,0.012737058557991099,35,2,train
054,data/concrete_crack_segmentation/rgb/054.jpg,data/concrete_crack_segmentation/BW/054.jpg,,4032,3024,True,True,57.48902893066406,57.48902893066406,121651,0.009977307859872345,36,1,val
056,data/concrete_crack_segmentation/rgb/056.jpg,data/concrete_crack_segmentation/BW/056.jpg,,4032,3024,True,True,55.45635986328125,55.45635986328125,136704,0.011211892164273117,37,1,test
057,data/concrete_crack_segmentation/rgb/057.jpg,data/concrete_crack_segmentation/BW/057.jpg,,4032,3024,True,True,65.38228607177734,65.38228607177734,170686,0.013998954134122785,38,2,test
058,data/concrete_crack_segmentation/rgb/058.jpg,data/concrete_crack_segmentation/BW/058.jpg,,4032,3024,True,True,79.85504913330078,79.85504913330078,149269,0.012242421081086755,39,2,train
059,data/concrete_crack_segmentation/rgb/059.jpg,data/concrete_crack_segmentation/BW/059.jpg,,4032,3024,True,True,56.60247039794922,56.60247039794922,193980,0.015909430901990426,40,3,train
060,data/concrete_crack_segmentation/rgb/060.jpg,data/concrete_crack_segmentation/BW/060.jpg,,4032,3024,True,True,76.41166687011719,76.41166687011719,190537,0.015627050395775593,41,3,train
061,data/concrete_crack_segmentation/rgb/061.jpg,data/concrete_crack_segmentation/BW/061.jpg,,4032,3024,True,True,74.990966796875,74.990966796875,240875,0.019755563297850005,42,3,train
062,data/concrete_crack_segmentation/rgb/062.jpg,data/concrete_crack_segmentation/BW/062.jpg,,4032,3024,True,True,88.99931335449219,88.99931335449219,254219,0.02084998254703116,43,3,train
063,data/concrete_crack_segmentation/rgb/063.jpg,data/concrete_crack_segmentation/BW/063.jpg,,4032,3024,True,True,89.92359924316406,89.92359924316406,283287,0.023234018723230034,44,3,train
064,data/concrete_crack_segmentation/rgb/064.jpg,data/concrete_crack_segmentation/BW/064.jpg,,4032,3024,True,True,80.11622619628906,80.11622619628906,339825,0.027871029777651803,45,3,train
065,data/concrete_crack_segmentation/rgb/065.jpg,data/concrete_crack_segmentation/BW/065.jpg,,4032,3024,True,True,89.28063201904297,89.28063201904297,277926,0.022794331853111614,46,3,train
067,data/concrete_crack_segmentation/rgb/067.jpg,data/concrete_crack_segmentation/BW/067.jpg,,4032,3024,True,True,78.73023986816406,78.73023986816406,237178,0.019452350770555137,47,3,test
068,data/concrete_crack_segmentation/rgb/068.jpg,data/concrete_crack_segmentation/BW/068.jpg,,4032,3024,True,True,73.07325744628906,73.07325744628906,289822,0.023769992178970353,48,3,train
069,data/concrete_crack_segmentation/rgb/069.jpg,data/concrete_crack_segmentation/BW/069.jpg,,4032,3024,True,True,58.032466888427734,58.032466888427734,313684,0.025727053938859493,49,3,train
070,data/concrete_crack_segmentation/rgb/070.jpg,data/concrete_crack_segmentation/BW/070.jpg,,4032,3024,True,True,70.52853393554688,70.52853393554688,319044,0.026166658793146887,50,3,train
071,data/concrete_crack_segmentation/rgb/071.jpg,data/concrete_crack_segmentation/BW/071.jpg,,4032,3024,True,True,91.98197174072266,91.98197174072266,185541,0.015217299303980851,51,2,train
072,data/concrete_crack_segmentation/rgb/072.jpg,data/concrete_crack_segmentation/BW/072.jpg,,4032,3024,True,True,95.23341369628906,95.23341369628906,212002,0.017387520208700765,52,3,test
073,data/concrete_crack_segmentation/rgb/073.jpg,data/concrete_crack_segmentation/BW/073.jpg,,4032,3024,True,True,83.76611328125,83.76611328125,243116,0.019939360775174268,53,3,test
074,data/concrete_crack_segmentation/rgb/074.jpg,data/concrete_crack_segmentation/BW/074.jpg,,4032,3024,True,True,55.174564361572266,55.174564361572266,529064,0.04339162362475855,54,3,train
075,data/concrete_crack_segmentation/rgb/075.jpg,data/concrete_crack_segmentation/BW/075.jpg,,4032,3024,True,True,71.17173767089844,71.17173767089844,295038,0.024197786753590324,55,3,train
076,data/concrete_crack_segmentation/rgb/076.jpg,data/concrete_crack_segmentation/BW/076.jpg,,4032,3024,True,True,75.85780334472656,75.85780334472656,299219,0.024540694943100697,56,3,train
078,data/concrete_crack_segmentation/rgb/078.jpg,data/concrete_crack_segmentation/BW/078.jpg,,4032,3024,True,True,79.53752136230469,79.53752136230469,230067,0.018869136196145126,57,3,val
079,data/concrete_crack_segmentation/rgb/079.jpg,data/concrete_crack_segmentation/BW/079.jpg,,4032,3024,True,True,81.6395034790039,81.6395034790039,235403,0.01930677267048795,58,3,test
080,data/concrete_crack_segmentation/rgb/080.jpg,data/concrete_crack_segmentation/BW/080.jpg,,4032,3024,True,True,102.19851684570312,102.19851684570312,273595,0.022439121288947678,59,3,train
081,data/concrete_crack_segmentation/rgb/081.jpg,data/concrete_crack_segmentation/BW/081.jpg,,4032,3024,True,True,69.29792785644531,69.29792785644531,340736,0.027945746199714454,60,3,train
082,data/concrete_crack_segmentation/rgb/082.jpg,data/concrete_crack_segmentation/BW/082.jpg,,4032,3024,True,True,73.93229675292969,73.93229675292969,251227,0.020604591180608044,61,3,val
083,data/concrete_crack_segmentation/rgb/083.jpg,data/concrete_crack_segmentation/BW/083.jpg,,4032,3024,True,True,68.58267211914062,68.58267211914062,112800,0.009251385739480977,62,0,train
084,data/concrete_crack_segmentation/rgb/084.jpg,data/concrete_crack_segmentation/BW/084.jpg,,4032,3024,True,True,80.20686340332031,80.20686340332031,101358,0.00831296060090703,63,0,train
085,data/concrete_crack_segmentation/rgb/085.jpg,data/concrete_crack_segmentation/BW/085.jpg,,4032,3024,True,True,83.77708435058594,83.77708435058594,97681,0.008011388390232636,64,0,train
086,data/concrete_crack_segmentation/rgb/086.jpg,data/concrete_crack_segmentation/BW/086.jpg,,4032,3024,True,True,80.49864959716797,80.49864959716797,79078,0.006485647885697489,65,0,train
087,data/concrete_crack_segmentation/rgb/087.jpg,data/concrete_crack_segmentation/BW/087.jpg,,4032,3024,True,True,73.91632080078125,73.91632080078125,72203,0.005921789047409087,66,0,val
089,data/concrete_crack_segmentation/rgb/089.jpg,data/concrete_crack_segmentation/BW/089.jpg,,4032,3024,True,True,72.56910705566406,72.56910705566406,75722,0.006210402756781725,67,0,val
090,data/concrete_crack_segmentation/rgb/090.jpg,data/concrete_crack_segmentation/BW/090.jpg,,4032,3024,True,True,62.6723518371582,62.6723518371582,67195,0.005511053765642059,68,0,test
091,data/concrete_crack_segmentation/rgb/091.jpg,data/concrete_crack_segmentation/BW/091.jpg,,4032,3024,True,True,69.04793548583984,69.04793548583984,88269,0.0072394553886369365,69,0,train
092,data/concrete_crack_segmentation/rgb/092.jpg,data/concrete_crack_segmentation/BW/092.jpg,,4032,3024,True,True,75.89209747314453,75.89209747314453,93261,0.007648878417107584,70,0,train
093,data/concrete_crack_segmentation/rgb/093.jpg,data/concrete_crack_segmentation/BW/093.jpg,,4032,3024,True,True,63.504173278808594,63.504173278808594,127240,0.010435694339464181,71,1,train
094,data/concrete_crack_segmentation/rgb/094.jpg,data/concrete_crack_segmentation/BW/094.jpg,,4032,3024,True,True,90.04447174072266,90.04447174072266,91677,0.007518965340765936,72,0,val
095,data/concrete_crack_segmentation/rgb/095.jpg,data/concrete_crack_segmentation/BW/095.jpg,,4032,3024,True,True,85.15180969238281,85.15180969238281,120047,0.00984575446691022,73,1,train
096,data/concrete_crack_segmentation/rgb/096.jpg,data/concrete_crack_segmentation/BW/096.jpg,,4032,3024,True,True,78.74053955078125,78.74053955078125,128749,0.010559456228479046,74,1,train
097,data/concrete_crack_segmentation/rgb/097.jpg,data/concrete_crack_segmentation/BW/097.jpg,,4032,3024,True,True,86.62324523925781,86.62324523925781,117315,0.009621687216553288,75,1,train
098,data/concrete_crack_segmentation/rgb/098.jpg,data/concrete_crack_segmentation/BW/098.jpg,,4032,3024,True,True,72.41896057128906,72.41896057128906,199876,0.016392996241706558,76,3,val
100,data/concrete_crack_segmentation/rgb/100.jpg,data/concrete_crack_segmentation/BW/100.jpg,,4032,3024,True,True,84.94182586669922,84.94182586669922,203632,0.01670104770303183,77,3,train
101,data/concrete_crack_segmentation/rgb/101.jpg,data/concrete_crack_segmentation/BW/101.jpg,,4032,3024,True,True,83.336669921875,83.336669921875,195322,0.01601949614722432,78,3,train
102,data/concrete_crack_segmentation/rgb/102.jpg,data/concrete_crack_segmentation/BW/102.jpg,,4032,3024,True,True,86.94113159179688,86.94113159179688,187238,0.015356480169228186,79,2,test
103,data/concrete_crack_segmentation/rgb/103.jpg,data/concrete_crack_segmentation/BW/103.jpg,,4032,3024,True,True,78.70924377441406,78.70924377441406,185709,0.015231077963592845,80,2,train
104,data/concrete_crack_segmentation/rgb/104.jpg,data/concrete_crack_segmentation/BW/104.jpg,,4032,3024,True,True,59.908756256103516,59.908756256103516,168469,0.013817125036743092,81,2,train
105,data/concrete_crack_segmentation/rgb/105.jpg,data/concrete_crack_segmentation/BW/105.jpg,,4032,3024,True,True,87.07978057861328,87.07978057861328,141978,0.011644443657092466,82,1,train
106,data/concrete_crack_segmentation/rgb/106.jpg,data/concrete_crack_segmentation/BW/106.jpg,,4032,3024,True,True,61.764366149902344,61.764366149902344,172271,0.014128949226295456,83,2,train
107,data/concrete_crack_segmentation/rgb/107.jpg,data/concrete_crack_segmentation/BW/107.jpg,,4032,3024,True,True,76.17107391357422,76.17107391357422,101906,0.008357905276308053,84,0,train
108,data/concrete_crack_segmentation/rgb/108.jpg,data/concrete_crack_segmentation/BW/108.jpg,,4032,3024,True,True,88.95523071289062,88.95523071289062,118133,0.00968877616633073,85,1,train
109,data/concrete_crack_segmentation/rgb/109.jpg,data/concrete_crack_segmentation/BW/109.jpg,,2448,3264,True,True,32.54993438720703,32.54993438720703,90783,0.011361690816032294,86,1,test
111,data/concrete_crack_segmentation/rgb/111.jpg,data/concrete_crack_segmentation/BW/111.jpg,,4032,3024,True,True,72.30514526367188,72.30514526367188,112388,0.009217595217099186,87,0,train
112,data/concrete_crack_segmentation/rgb/112.jpg,data/concrete_crack_segmentation/BW/112.jpg,,4032,3024,True,True,56.95252990722656,56.95252990722656,127241,0.010435776355295204,88,1,train
113,data/concrete_crack_segmentation/rgb/113.jpg,data/concrete_crack_segmentation/BW/113.jpg,,4032,3024,True,True,79.03485107421875,79.03485107421875,128744,0.010559046149323927,89,1,train
114,data/concrete_crack_segmentation/rgb/114.jpg,data/concrete_crack_segmentation/BW/114.jpg,,4032,3024,True,True,61.820701599121094,61.820701599121094,116735,0.009574118034559502,90,1,train
115,data/concrete_crack_segmentation/rgb/115.jpg,data/concrete_crack_segmentation/BW/115.jpg,,4032,3024,True,True,61.333526611328125,61.333526611328125,119462,0.009797775205761318,91,1,train
116,data/concrete_crack_segmentation/rgb/116.jpg,data/concrete_crack_segmentation/BW/116.jpg,,4032,3024,True,True,62.19458770751953,62.19458770751953,128933,0.01057454714138742,92,1,train
117,data/concrete_crack_segmentation/rgb/117.jpg,data/concrete_crack_segmentation/BW/117.jpg,,4032,3024,True,True,66.98075866699219,66.98075866699219,104543,0.008574181022717729,93,0,train
118,data/concrete_crack_segmentation/rgb/118.jpg,data/concrete_crack_segmentation/BW/118.jpg,,4032,3024,True,True,69.77293395996094,69.77293395996094,141909,0.011638784564751826,94,1,train
119,data/concrete_crack_segmentation/rgb/119.jpg,data/concrete_crack_segmentation/BW/119.jpg,,4032,3024,True,True,66.72122955322266,66.72122955322266,114217,0.009367602172041656,95,0,test
120,data/concrete_crack_segmentation/rgb/120.jpg,data/concrete_crack_segmentation/BW/120.jpg,,4032,3024,True,True,50.893489837646484,50.893489837646484,134457,0.01102760259196271,96,1,train
121,data/concrete_crack_segmentation/rgb/121.jpg,data/concrete_crack_segmentation/BW/121.jpg,,4032,3024,True,True,60.412086486816406,60.412086486816406,113521,0.009310519153649114,97,0,test
122,data/concrete_crack_segmentation/rgb/122.jpg,data/concrete_crack_segmentation/BW/122.jpg,,4032,3024,True,True,56.60768127441406,56.60768127441406,145259,0.011913537598681448,98,2,train
123,data/concrete_crack_segmentation/rgb/123.jpg,data/concrete_crack_segmentation/BW/123.jpg,,4032,3024,True,True,52.19807434082031,52.19807434082031,133465,0.010946242887587134,99,1,train
124,data/concrete_crack_segmentation/rgb/124.jpg,data/concrete_crack_segmentation/BW/124.jpg,,4032,3024,True,True,45.926544189453125,45.926544189453125,201544,0.016529798647854203,100,3,train
125,data/concrete_crack_segmentation/rgb/125.jpg,data/concrete_crack_segmentation/BW/125.jpg,,4032,3024,True,True,57.926902770996094,57.926902770996094,160077,0.013128848182791635,101,2,val
126,data/concrete_crack_segmentation/rgb/126.jpg,data/concrete_crack_segmentation/BW/126.jpg,,4032,3024,True,True,60.42491149902344,60.42491149902344,239328,0.019628684807256234,102,3,train
127,data/concrete_crack_segmentation/rgb/127.jpg,data/concrete_crack_segmentation/BW/127.jpg,,4032,3024,True,True,59.10009765625,59.10009765625,166342,0.013642677364155538,103,2,train
128,data/concrete_crack_segmentation/rgb/128.jpg,data/concrete_crack_segmentation/BW/128.jpg,,4032,3024,True,True,64.56268310546875,64.56268310546875,165816,0.013599537037037037,104,2,train
129,data/concrete_crack_segmentation/rgb/129.jpg,data/concrete_crack_segmentation/BW/129.jpg,,4032,3024,True,True,59.59925079345703,59.59925079345703,98769,0.008100621614386495,105,0,train
130,data/concrete_crack_segmentation/rgb/130.jpg,data/concrete_crack_segmentation/BW/130.jpg,,4032,3024,True,True,51.476715087890625,51.476715087890625,127259,0.010437252640253632,106,1,train
131,data/concrete_crack_segmentation/rgb/131.jpg,data/concrete_crack_segmentation/BW/131.jpg,,4032,3024,True,True,52.59046936035156,52.59046936035156,134638,0.011042447457378013,107,1,train
132,data/concrete_crack_segmentation/rgb/132.jpg,data/concrete_crack_segmentation/BW/132.jpg,,4032,3024,True,True,73.24907684326172,73.24907684326172,117256,0.009616848282522886,108,1,test
133,data/concrete_crack_segmentation/rgb/133.jpg,data/concrete_crack_segmentation/BW/133.jpg,,4032,3024,True,True,66.1282730102539,66.1282730102539,136238,0.011173672787016042,109,1,train
134,data/concrete_crack_segmentation/rgb/134.jpg,data/concrete_crack_segmentation/BW/134.jpg,,4032,3024,True,True,69.80933380126953,69.80933380126953,154355,0.012659553597673637,110,2,train
135,data/concrete_crack_segmentation/rgb/135.jpg,data/concrete_crack_segmentation/BW/135.jpg,,4032,3024,True,True,93.34685516357422,93.34685516357422,127671,0.010471043162635425,111,1,train
136,data/concrete_crack_segmentation/rgb/136.jpg,data/concrete_crack_segmentation/BW/136.jpg,,4032,3024,True,True,69.26909637451172,69.26909637451172,229396,0.018814103573528175,112,3,train
137,data/concrete_crack_segmentation/rgb/137.jpg,data/concrete_crack_segmentation/BW/137.jpg,,4032,3024,True,True,75.0591812133789,75.0591812133789,163446,0.013405159517510708,113,2,train
138,data/concrete_crack_segmentation/rgb/138.jpg,data/concrete_crack_segmentation/BW/138.jpg,,4032,3024,True,True,55.325469970703125,55.325469970703125,320747,0.026306331753380364,114,3,train
139,data/concrete_crack_segmentation/rgb/139.jpg,data/concrete_crack_segmentation/BW/139.jpg,,4032,3024,True,True,64.41327667236328,64.41327667236328,251117,0.02059556943919543,115,3,train
140,data/concrete_crack_segmentation/rgb/140.jpg,data/concrete_crack_segmentation/BW/140.jpg,,2448,3264,True,True,31.447479248046875,31.447479248046875,82567,0.010333440463603741,116,1,train
141,data/concrete_crack_segmentation/rgb/141.jpg,data/concrete_crack_segmentation/BW/141.jpg,,4032,3024,True,True,75.36921691894531,75.36921691894531,172309,0.01413206582787436,117,2,train
142,data/concrete_crack_segmentation/rgb/142.jpg,data/concrete_crack_segmentation/BW/142.jpg,,4032,3024,True,True,67.36644744873047,67.36644744873047,183670,0.015063847684135382,118,2,test
143,data/concrete_crack_segmentation/rgb/143.jpg,data/concrete_crack_segmentation/BW/143.jpg,,4032,3024,True,True,55.14898681640625,55.14898681640625,109469,0.008978191006340808,119,0,train
144,data/concrete_crack_segmentation/rgb/144.jpg,data/concrete_crack_segmentation/BW/144.jpg,,4032,3024,True,True,73.55465698242188,73.55465698242188,108999,0.008939643565759638,120,0,train
145,data/concrete_crack_segmentation/rgb/145.jpg,data/concrete_crack_segmentation/BW/145.jpg,,4032,3024,True,True,67.74674987792969,67.74674987792969,110143,0.009033469676450826,121,0,train
146,data/concrete_crack_segmentation/rgb/146.jpg,data/concrete_crack_segmentation/BW/146.jpg,,4032,3024,True,True,71.55697631835938,71.55697631835938,102976,0.008445662215503486,122,0,train
147,data/concrete_crack_segmentation/rgb/147.jpg,data/concrete_crack_segmentation/BW/147.jpg,,4032,3024,True,True,67.16167449951172,67.16167449951172,155779,0.012776344141051482,123,2,train
148,data/concrete_crack_segmentation/rgb/148.jpg,data/concrete_crack_segmentation/BW/148.jpg,,4032,3024,True,True,53.972862243652344,53.972862243652344,135961,0.011150954401822457,124,1,train
149,data/concrete_crack_segmentation/rgb/149.jpg,data/concrete_crack_segmentation/BW/149.jpg,,4032,3024,True,True,44.26704406738281,44.26704406738281,136968,0.011233544343663391,125,1,train
150,data/concrete_crack_segmentation/rgb/150.jpg,data/concrete_crack_segmentation/BW/150.jpg,,4032,3024,True,True,44.83061218261719,44.83061218261719,130327,0.010688877209834552,126,1,val
167,data/concrete_crack_segmentation/rgb/167.jpg,data/concrete_crack_segmentation/BW/167.jpg,,4032,3024,True,True,82.63151550292969,82.63151550292969,143780,0.011792236184597295,127,2,test
168,data/concrete_crack_segmentation/rgb/168.jpg,data/concrete_crack_segmentation/BW/168.jpg,,4032,3024,True,True,84.70335388183594,84.70335388183594,92433,0.007580969309019904,128,0,train
169,data/concrete_crack_segmentation/rgb/169.jpg,data/concrete_crack_segmentation/BW/169.jpg,,4032,3024,True,True,81.51033020019531,81.51033020019531,104937,0.008606495260141093,129,0,train
170,data/concrete_crack_segmentation/rgb/170.jpg,data/concrete_crack_segmentation/BW/170.jpg,,4032,3024,True,True,75.5138168334961,75.5138168334961,159933,0.013117037903124212,130,2,train
171,data/concrete_crack_segmentation/rgb/171.jpg,data/concrete_crack_segmentation/BW/171.jpg,,4032,3024,True,True,86.814208984375,86.814208984375,111341,0.009131724642017301,131,0,train
172,data/concrete_crack_segmentation/rgb/172.jpg,data/concrete_crack_segmentation/BW/172.jpg,,4032,3024,True,True,67.95832061767578,67.95832061767578,96381,0.007904767809901738,132,0,test
174,data/concrete_crack_segmentation/rgb/174.jpg,data/concrete_crack_segmentation/BW/174.jpg,,4032,3024,True,True,85.84119415283203,85.84119415283203,103025,0.00844968099122365,133,0,train
175,data/concrete_crack_segmentation/rgb/175.jpg,data/concrete_crack_segmentation/BW/175.jpg,,4032,3024,True,True,76.74234008789062,76.74234008789062,110335,0.009049216716007391,134,0,train
176,data/concrete_crack_segmentation/rgb/176.jpg,data/concrete_crack_segmentation/BW/176.jpg,,4032,3024,True,True,80.12908935546875,80.12908935546875,119767,0.009822790034223566,135,1,test
177,data/concrete_crack_segmentation/rgb/177.jpg,data/concrete_crack_segmentation/BW/177.jpg,,4032,3024,True,True,70.89209747314453,70.89209747314453,148766,0.0122011671180818,136,2,train
178,data/concrete_crack_segmentation/rgb/178.jpg,data/concrete_crack_segmentation/BW/178.jpg,,4032,3024,True,True,91.96226501464844,91.96226501464844,156437,0.012830310557865121,137,2,val
179,data/concrete_crack_segmentation/rgb/179.jpg,data/concrete_crack_segmentation/BW/179.jpg,,4032,3024,True,True,88.8863754272461,88.8863754272461,177734,0.014577001711178298,138,2,test
180,data/concrete_crack_segmentation/rgb/180.jpg,data/concrete_crack_segmentation/BW/180.jpg,,4032,3024,True,True,89.66399383544922,89.66399383544922,173479,0.014228024350172168,139,2,test
181,data/concrete_crack_segmentation/rgb/181.jpg,data/concrete_crack_segmentation/BW/181.jpg,,4032,3024,True,True,81.57542419433594,81.57542419433594,181448,0.01488160850760057,140,2,train
182,data/concrete_crack_segmentation/rgb/182.jpg,data/concrete_crack_segmentation/BW/182.jpg,,4032,3024,True,True,103.84580993652344,103.84580993652344,178367,0.014628917732216343,141,2,train
183,data/concrete_crack_segmentation/rgb/183.jpg,data/concrete_crack_segmentation/BW/183.jpg,,4032,3024,True,True,70.470947265625,70.470947265625,260751,0.021385709955278408,142,3,train
184,data/concrete_crack_segmentation/rgb/184.jpg,data/concrete_crack_segmentation/BW/184.jpg,,4032,3024,True,True,101.63043975830078,101.63043975830078,187701,0.01539445349899219,143,2,train
185,data/concrete_crack_segmentation/rgb/185.jpg,data/concrete_crack_segmentation/BW/185.jpg,,4032,3024,True,True,93.69615173339844,93.69615173339844,242266,0.019869647318804064,144,3,train
186,data/concrete_crack_segmentation/rgb/186.jpg,data/concrete_crack_segmentation/BW/186.jpg,,4032,3024,True,True,76.24281311035156,76.24281311035156,172340,0.014134608318636097,145,2,test
187,data/concrete_crack_segmentation/rgb/187.jpg,data/concrete_crack_segmentation/BW/187.jpg,,4032,3024,True,True,66.17282104492188,66.17282104492188,180039,0.014766048201688083,146,2,test
188,data/concrete_crack_segmentation/rgb/188.jpg,data/concrete_crack_segmentation/BW/188.jpg,,4032,3024,True,True,63.653900146484375,63.653900146484375,203584,0.01669711094314269,147,3,train
189,data/concrete_crack_segmentation/rgb/189.jpg,data/concrete_crack_segmentation/BW/189.jpg,,4032,3024,True,True,79.5164566040039,79.5164566040039,169844,0.013929896804400772,148,2,train
190,data/concrete_crack_segmentation/rgb/190.jpg,data/concrete_crack_segmentation/BW/190.jpg,,4032,3024,True,True,93.309814453125,93.309814453125,195728,0.016052794574619972,149,3,train
191,data/concrete_crack_segmentation/rgb/191.jpg,data/concrete_crack_segmentation/BW/191.jpg,,4032,3024,True,True,96.61679077148438,96.61679077148438,196833,0.016143422067901234,150,3,val
192,data/concrete_crack_segmentation/rgb/192.jpg,data/concrete_crack_segmentation/BW/192.jpg,,4032,3024,True,True,83.33765411376953,83.33765411376953,200047,0.016407020948811624,151,3,test
193,data/concrete_crack_segmentation/rgb/193.jpg,data/concrete_crack_segmentation/BW/193.jpg,,4032,3024,True,True,58.24980163574219,58.24980163574219,206208,0.016912320483749056,152,3,train
194,data/concrete_crack_segmentation/rgb/194.jpg,data/concrete_crack_segmentation/BW/194.jpg,,4032,3024,True,True,75.53007507324219,75.53007507324219,146857,0.012044598896657429,153,2,train
195,data/concrete_crack_segmentation/rgb/195.jpg,data/concrete_crack_segmentation/BW/195.jpg,,4032,3024,True,True,58.39537811279297,58.39537811279297,152088,0.012473623708742757,154,2,train
196,data/concrete_crack_segmentation/rgb/196.jpg,data/concrete_crack_segmentation/BW/196.jpg,,4032,3024,True,True,70.99005889892578,70.99005889892578,128206,0.01051492163223314,155,1,test
197,data/concrete_crack_segmentation/rgb/197.jpg,data/concrete_crack_segmentation/BW/197.jpg,,4032,3024,True,True,78.00270080566406,78.00270080566406,105910,0.008686296663727219,156,0,train
198,data/concrete_crack_segmentation/rgb/198.jpg,data/concrete_crack_segmentation/BW/198.jpg,,4032,3024,True,True,75.79792785644531,75.79792785644531,146012,0.011975295519442345,157,2,train
199,data/concrete_crack_segmentation/rgb/199.jpg,data/concrete_crack_segmentation/BW/199.jpg,,4032,3024,True,True,51.601165771484375,51.601165771484375,180514,0.014805005721424373,158,2,train
201,data/concrete_crack_segmentation/rgb/201.jpg,data/concrete_crack_segmentation/BW/201.jpg,,4032,3024,True,True,70.31914520263672,70.31914520263672,83925,0.00688317861866969,159,0,train
203,data/concrete_crack_segmentation/rgb/203.jpg,data/concrete_crack_segmentation/BW/203.jpg,,4032,3024,True,True,71.2861328125,71.2861328125,109402,0.008972695945662216,160,0,train
204,data/concrete_crack_segmentation/rgb/204.jpg,data/concrete_crack_segmentation/BW/204.jpg,,4032,3024,True,True,59.83240509033203,59.83240509033203,151045,0.012388081196984967,161,2,train
205,data/concrete_crack_segmentation/rgb/205.jpg,data/concrete_crack_segmentation/BW/205.jpg,,4032,3024,True,True,57.39617156982422,57.39617156982422,114799,0.009415335385697488,162,0,train
206,data/concrete_crack_segmentation/rgb/206.jpg,data/concrete_crack_segmentation/BW/206.jpg,,4032,3024,True,True,70.32192993164062,70.32192993164062,116785,0.009578218826110691,163,1,train
207,data/concrete_crack_segmentation/rgb/207.jpg,data/concrete_crack_segmentation/BW/207.jpg,,4032,3024,True,True,57.358421325683594,57.358421325683594,140615,0.011532656079407072,164,1,train
210,data/concrete_crack_segmentation/rgb/210.jpg,data/concrete_crack_segmentation/BW/210.jpg,,4032,3024,True,True,58.4356689453125,58.4356689453125,163037,0.013371615042621987,165,2,train
211,data/concrete_crack_segmentation/rgb/211.jpg,data/concrete_crack_segmentation/BW/211.jpg,,2448,3264,True,True,30.310455322265625,30.310455322265625,96531,0.0120810655757401,166,2,train
212,data/concrete_crack_segmentation/rgb/212.jpg,data/concrete_crack_segmentation/BW/212.jpg,,4032,3024,True,True,71.02852630615234,71.02852630615234,140480,0.011521583942218862,167,1,train
213,data/concrete_crack_segmentation/rgb/213.jpg,data/concrete_crack_segmentation/BW/213.jpg,,4032,3024,True,True,53.61537170410156,53.61537170410156,275699,0.022611682597421686,168,3,test
214,data/concrete_crack_segmentation/rgb/214.jpg,data/concrete_crack_segmentation/BW/214.jpg,,4032,3024,True,True,76.03650665283203,76.03650665283203,125347,0.010280438371336189,169,1,train
215,data/concrete_crack_segmentation/rgb/215.jpg,data/concrete_crack_segmentation/BW/215.jpg,,4032,3024,True,True,88.13877868652344,88.13877868652344,115713,0.009490297855253212,170,1,train
216,data/concrete_crack_segmentation/rgb/216.jpg,data/concrete_crack_segmentation/BW/216.jpg,,4032,3024,True,True,90.90637969970703,90.90637969970703,144116,0.011819793503821282,171,2,test
217,data/concrete_crack_segmentation/rgb/217.jpg,data/concrete_crack_segmentation/BW/217.jpg,,4032,3024,True,True,52.197357177734375,52.197357177734375,375664,0.030810395145712606,172,3,train
218,data/concrete_crack_segmentation/rgb/218.jpg,data/concrete_crack_segmentation/BW/218.jpg,,4032,3024,True,True,99.28981018066406,99.28981018066406,141439,0.011600237124170656,173,1,train
219,data/concrete_crack_segmentation/rgb/219.jpg,data/concrete_crack_segmentation/BW/219.jpg,,4032,3024,True,True,71.4258041381836,71.4258041381836,127233,0.010435120228647014,174,1,test
220,data/concrete_crack_segmentation/rgb/220.jpg,data/concrete_crack_segmentation/BW/220.jpg,,4032,3024,True,True,76.32381439208984,76.32381439208984,106164,0.008707128684807256,175,0,test
221,data/concrete_crack_segmentation/rgb/221.jpg,data/concrete_crack_segmentation/BW/221.jpg,,4032,3024,True,True,75.68824768066406,75.68824768066406,178569,0.014645484930083144,176,2,train
223,data/concrete_crack_segmentation/rgb/223.jpg,data/concrete_crack_segmentation/BW/223.jpg,,4032,3024,True,True,63.78999328613281,63.78999328613281,190714,0.0156415671978668,177,3,val
224,data/concrete_crack_segmentation/rgb/224.jpg,data/concrete_crack_segmentation/BW/224.jpg,,4032,3024,True,True,80.06163787841797,80.06163787841797,130313,0.010687728988200218,178,1,test
225,data/concrete_crack_segmentation/rgb/225.jpg,data/concrete_crack_segmentation/BW/225.jpg,,4032,3024,True,True,56.653656005859375,56.653656005859375,165359,0.013562055802259176,179,2,train
226,data/concrete_crack_segmentation/rgb/226.jpg,data/concrete_crack_segmentation/BW/226.jpg,,4032,3024,True,True,75.57725524902344,75.57725524902344,135667,0.011126841747501469,180,1,train
227,data/concrete_crack_segmentation/rgb/227.jpg,data/concrete_crack_segmentation/BW/227.jpg,,4032,3024,True,True,59.851654052734375,59.851654052734375,116816,0.009580761316872428,181,1,train
228,data/concrete_crack_segmentation/rgb/228.jpg,data/concrete_crack_segmentation/BW/228.jpg,,4032,3024,True,True,69.80408477783203,69.80408477783203,101078,0.008289996168220374,182,0,train
229,data/concrete_crack_segmentation/rgb/229.jpg,data/concrete_crack_segmentation/BW/229.jpg,,4032,3024,True,True,73.92578887939453,73.92578887939453,115656,0.009485622952884857,183,1,train
230,data/concrete_crack_segmentation/rgb/230.jpg,data/concrete_crack_segmentation/BW/230.jpg,,4032,3024,True,True,42.69773864746094,42.69773864746094,523216,0.04291199504493155,184,3,train
231,data/concrete_crack_segmentation/rgb/231.jpg,data/concrete_crack_segmentation/BW/231.jpg,,4032,3024,True,True,88.07186889648438,88.07186889648438,242724,0.01990721056941295,185,3,train
232,data/concrete_crack_segmentation/rgb/232.jpg,data/concrete_crack_segmentation/BW/232.jpg,,4032,3024,True,True,74.44220733642578,74.44220733642578,242524,0.019890807403208196,186,3,val
233,data/concrete_crack_segmentation/rgb/233.jpg,data/concrete_crack_segmentation/BW/233.jpg,,4032,3024,True,True,70.15059661865234,70.15059661865234,168359,0.013808103295330477,187,2,test
234,data/concrete_crack_segmentation/rgb/234.jpg,data/concrete_crack_segmentation/BW/234.jpg,,4032,3024,True,True,74.33586120605469,74.33586120605469,140323,0.01150870745674813,188,1,train
235,data/concrete_crack_segmentation/rgb/235.jpg,data/concrete_crack_segmentation/BW/235.jpg,,4032,3024,True,True,57.65937042236328,57.65937042236328,306181,0.025111689158688166,189,3,train
236,data/concrete_crack_segmentation/rgb/236.jpg,data/concrete_crack_segmentation/BW/236.jpg,,4032,3024,True,True,29.55480194091797,29.55480194091797,1057542,0.08673518597253717,190,3,train
237,data/concrete_crack_segmentation/rgb/237.jpg,data/concrete_crack_segmentation/BW/237.jpg,,4032,3024,True,True,53.42500305175781,53.42500305175781,320199,0.02626138707797934,191,3,test
238,data/concrete_crack_segmentation/rgb/238.jpg,data/concrete_crack_segmentation/BW/238.jpg,,4032,3024,True,True,60.82008361816406,60.82008361816406,268972,0.0220599621021248,192,3,train
239,data/concrete_crack_segmentation/rgb/239.jpg,data/concrete_crack_segmentation/BW/239.jpg,,4032,3024,True,True,54.33838653564453,54.33838653564453,115471,0.00947045002414546,193,0,train
240,data/concrete_crack_segmentation/rgb/240.jpg,data/concrete_crack_segmentation/BW/240.jpg,,4032,3024,True,True,53.971099853515625,53.971099853515625,147948,0.01213407816830436,194,2,val
241,data/concrete_crack_segmentation/rgb/241.jpg,data/concrete_crack_segmentation/BW/241.jpg,,4032,3024,True,True,65.06507873535156,65.06507873535156,173487,0.014228680476820358,195,2,train
242,data/concrete_crack_segmentation/rgb/242.jpg,data/concrete_crack_segmentation/BW/242.jpg,,4032,3024,True,True,73.79136657714844,73.79136657714844,167728,0.01375635130595448,196,2,train
243,data/concrete_crack_segmentation/rgb/243.jpg,data/concrete_crack_segmentation/BW/243.jpg,,4032,3024,True,True,64.23259735107422,64.23259735107422,121803,0.009989774266187957,197,1,train
244,data/concrete_crack_segmentation/rgb/244.jpg,data/concrete_crack_segmentation/BW/244.jpg,,4032,3024,True,True,57.63025665283203,57.63025665283203,155773,0.01277585204606534,198,2,val
245,data/concrete_crack_segmentation/rgb/245.jpg,data/concrete_crack_segmentation/BW/245.jpg,,4032,3024,True,True,37.095245361328125,37.095245361328125,140566,0.011528637303686907,199,1,val
246,data/concrete_crack_segmentation/rgb/246.jpg,data/concrete_crack_segmentation/BW/246.jpg,,4032,3024,True,True,57.76548767089844,57.76548767089844,187684,0.015393059229864786,200,2,train
247,data/concrete_crack_segmentation/rgb/247.jpg,data/concrete_crack_segmentation/BW/247.jpg,,4032,3024,True,True,78.72882080078125,78.72882080078125,215178,0.01764800248803225,201,3,train
248,data/concrete_crack_segmentation/rgb/248.jpg,data/concrete_crack_segmentation/BW/248.jpg,,4032,3024,True,True,80.10165405273438,80.10165405273438,235395,0.01930611654383976,202,3,train
249,data/concrete_crack_segmentation/rgb/249.jpg,data/concrete_crack_segmentation/BW/249.jpg,,4032,3024,True,True,43.229949951171875,43.229949951171875,601339,0.04931931781200134,203,3,train
250,data/concrete_crack_segmentation/rgb/250.jpg,data/concrete_crack_segmentation/BW/250.jpg,,4032,3024,True,True,95.08602905273438,95.08602905273438,222921,0.018283051067649284,204,3,train
251,data/concrete_crack_segmentation/rgb/251.jpg,data/concrete_crack_segmentation/BW/251.jpg,,4032,3024,True,True,54.10952377319336,54.10952377319336,403830,0.033120453042328045,205,3,train
252,data/concrete_crack_segmentation/rgb/252.jpg,data/concrete_crack_segmentation/BW/252.jpg,,4032,3024,True,True,98.30964660644531,98.30964660644531,244463,0.020049836099563283,206,3,train
253,data/concrete_crack_segmentation/rgb/253.jpg,data/concrete_crack_segmentation/BW/253.jpg,,4032,3024,True,True,61.530235290527344,61.530235290527344,236739,0.019416345820735703,207,3,val
254,data/concrete_crack_segmentation/rgb/254.jpg,data/concrete_crack_segmentation/BW/254.jpg,,4032,3024,True,True,71.73304748535156,71.73304748535156,96943,0.007950860706937096,208,0,train
255,data/concrete_crack_segmentation/rgb/255.jpg,data/concrete_crack_segmentation/BW/255.jpg,,4032,3024,True,True,61.76354217529297,61.76354217529297,102748,0.008426962606030066,209,0,test
256,data/concrete_crack_segmentation/rgb/256.jpg,data/concrete_crack_segmentation/BW/256.jpg,,4032,3024,True,True,64.94548034667969,64.94548034667969,92898,0.007619106670445956,210,0,val
257,data/concrete_crack_segmentation/rgb/257.jpg,data/concrete_crack_segmentation/BW/257.jpg,,4032,3024,True,True,64.21073150634766,64.21073150634766,140910,0.011556850749559084,211,1,val
258,data/concrete_crack_segmentation/rgb/258.jpg,data/concrete_crack_segmentation/BW/258.jpg,,4032,3024,True,True,64.3348617553711,64.3348617553711,144318,0.011836360701688083,212,2,val
259,data/concrete_crack_segmentation/rgb/259.jpg,data/concrete_crack_segmentation/BW/259.jpg,,4032,3024,True,True,65.94730377197266,65.94730377197266,131981,0.010824531394347862,213,1,train
260,data/concrete_crack_segmentation/rgb/260.jpg,data/concrete_crack_segmentation/BW/260.jpg,,4032,3024,True,True,69.50727081298828,69.50727081298828,91521,0.007506170871126228,214,0,train
261,data/concrete_crack_segmentation/rgb/261.jpg,data/concrete_crack_segmentation/BW/261.jpg,,4032,3024,True,True,72.42249298095703,72.42249298095703,147011,0.012057229334635088,215,2,val
262,data/concrete_crack_segmentation/rgb/262.jpg,data/concrete_crack_segmentation/BW/262.jpg,,4032,3024,True,True,62.238304138183594,62.238304138183594,110276,0.009044377781976988,216,0,test
263,data/concrete_crack_segmentation/rgb/263.jpg,data/concrete_crack_segmentation/BW/263.jpg,,3264,2448,True,True,50.335113525390625,50.335113525390625,144794,0.01812128548314751,217,3,val
264,data/concrete_crack_segmentation/rgb/264.jpg,data/concrete_crack_segmentation/BW/264.jpg,,4032,3024,True,True,59.12928771972656,59.12928771972656,118775,0.009741430329847988,218,1,train
265,data/concrete_crack_segmentation/rgb/265.jpg,data/concrete_crack_segmentation/BW/265.jpg,,4032,3024,True,True,63.971858978271484,63.971858978271484,111736,0.00916412089527169,219,0,train
266,data/concrete_crack_segmentation/rgb/266.jpg,data/concrete_crack_segmentation/BW/266.jpg,,4032,3024,True,True,69.93853759765625,69.93853759765625,96685,0.007929700622532964,220,0,train
267,data/concrete_crack_segmentation/rgb/267.jpg,data/concrete_crack_segmentation/BW/267.jpg,,4032,3024,True,True,65.01091766357422,65.01091766357422,120880,0.009914073654153019,221,1,train
268,data/concrete_crack_segmentation/rgb/268.jpg,data/concrete_crack_segmentation/BW/268.jpg,,4032,3024,True,True,76.64032745361328,76.64032745361328,158566,0.013004922262114723,222,2,test
269,data/concrete_crack_segmentation/rgb/269.jpg,data/concrete_crack_segmentation/BW/269.jpg,,4032,3024,True,True,53.98651123046875,53.98651123046875,147800,0.01212193982531284,223,2,train
270,data/concrete_crack_segmentation/rgb/270.jpg,data/concrete_crack_segmentation/BW/270.jpg,,4032,3024,True,True,73.1435317993164,73.1435317993164,119493,0.009800317696523054,224,1,train
271,data/concrete_crack_segmentation/rgb/271.jpg,data/concrete_crack_segmentation/BW/271.jpg,,4032,3024,True,True,64.39907836914062,64.39907836914062,187586,0.015385021678424456,225,2,train
272,data/concrete_crack_segmentation/rgb/272.jpg,data/concrete_crack_segmentation/BW/272.jpg,,4032,3024,True,True,75.74943542480469,75.74943542480469,140047,0.011486071087385571,226,1,train
273,data/concrete_crack_segmentation/rgb/273.jpg,data/concrete_crack_segmentation/BW/273.jpg,,4032,3024,True,True,81.97740173339844,81.97740173339844,202668,0.01662198444192492,227,3,test
274,data/concrete_crack_segmentation/rgb/274.jpg,data/concrete_crack_segmentation/BW/274.jpg,,3264,2448,True,True,41.169822692871094,41.169822692871094,128648,0.016100578303216713,228,3,train
275,data/concrete_crack_segmentation/rgb/275.jpg,data/concrete_crack_segmentation/BW/275.jpg,,4032,3024,True,True,83.9781494140625,83.9781494140625,150220,0.012320418136390359,229,2,train
276,data/concrete_crack_segmentation/rgb/276.jpg,data/concrete_crack_segmentation/BW/276.jpg,,4032,3024,True,True,79.8977279663086,79.8977279663086,190314,0.015608760865457294,230,2,train
277,data/concrete_crack_segmentation/rgb/277.jpg,data/concrete_crack_segmentation/BW/277.jpg,,4032,3024,True,True,71.98723602294922,71.98723602294922,210691,0.017279997454228604,231,3,test
278,data/concrete_crack_segmentation/rgb/278.jpg,data/concrete_crack_segmentation/BW/278.jpg,,4032,3024,True,True,47.39618682861328,47.39618682861328,138528,0.01136148904006047,232,1,train
280,data/concrete_crack_segmentation/rgb/280.jpg,data/concrete_crack_segmentation/BW/280.jpg,,4032,3024,True,True,60.016944885253906,60.016944885253906,100872,0.008273100907029478,233,0,train
281,data/concrete_crack_segmentation/rgb/281.jpg,data/concrete_crack_segmentation/BW/281.jpg,,4032,3024,True,True,33.003211975097656,33.003211975097656,161987,0.013285498420047032,234,2,val
282,data/concrete_crack_segmentation/rgb/282.jpg,data/concrete_crack_segmentation/BW/282.jpg,,4032,3024,True,True,61.99897766113281,61.99897766113281,117705,0.009653673390652557,235,1,val
283,data/concrete_crack_segmentation/rgb/283.jpg,data/concrete_crack_segmentation/BW/283.jpg,,4032,3024,True,True,65.5155029296875,65.5155029296875,95117,0.007801099799487696,236,0,val
284,data/concrete_crack_segmentation/rgb/284.jpg,data/concrete_crack_segmentation/BW/284.jpg,,4032,3024,True,True,47.09508514404297,47.09508514404297,140415,0.011516252913202319,237,1,train
285,data/concrete_crack_segmentation/rgb/285.jpg,data/concrete_crack_segmentation/BW/285.jpg,,3264,2448,True,True,39.66246795654297,39.66246795654297,149964,0.01876832227989235,238,3,train
286,data/concrete_crack_segmentation/rgb/286.jpg,data/concrete_crack_segmentation/BW/286.jpg,,4032,3024,True,True,61.72161865234375,61.72161865234375,178446,0.014635396982867222,239,2,train
287,data/concrete_crack_segmentation/rgb/287.jpg,data/concrete_crack_segmentation/BW/287.jpg,,4032,3024,True,True,56.710227966308594,56.710227966308594,154223,0.0126487275079785,240,2,train
288,data/concrete_crack_segmentation/rgb/288.jpg,data/concrete_crack_segmentation/BW/288.jpg,,4032,3024,True,True,73.38641357421875,73.38641357421875,311664,0.025561381960191483,241,3,train
289,data/concrete_crack_segmentation/rgb/289.jpg,data/concrete_crack_segmentation/BW/289.jpg,,4032,3024,True,True,72.68211364746094,72.68211364746094,299316,0.024548650478710004,242,3,train
290,data/concrete_crack_segmentation/rgb/290.jpg,data/concrete_crack_segmentation/BW/290.jpg,,4032,3024,True,True,104.58136749267578,104.58136749267578,246179,0.02019057526560007,243,3,train
291,data/concrete_crack_segmentation/rgb/291.jpg,data/concrete_crack_segmentation/BW/291.jpg,,4032,3024,True,True,78.05520629882812,78.05520629882812,283715,0.023269121498908207,244,3,val
293,data/concrete_crack_segmentation/rgb/293.jpg,data/concrete_crack_segmentation/BW/293.jpg,,2448,3264,True,True,19.11688995361328,19.11688995361328,145810,0.01824844010316545,245,3,test
295,data/concrete_crack_segmentation/rgb/295.jpg,data/concrete_crack_segmentation/BW/295.jpg,,3264,2448,True,True,40.03321838378906,40.03321838378906,106838,0.013371009147122902,246,2,train
297,data/concrete_crack_segmentation/rgb/297.jpg,data/concrete_crack_segmentation/BW/297.jpg,,3264,2448,True,True,31.79608917236328,31.79608917236328,45798,0.00573171977124183,247,0,train
300,data/concrete_crack_segmentation/rgb/300.jpg,data/concrete_crack_segmentation/BW/300.jpg,,3264,2448,True,True,35.20232391357422,35.20232391357422,95201,0.01191461316961425,248,2,train
301,data/concrete_crack_segmentation/rgb/301.jpg,data/concrete_crack_segmentation/BW/301.jpg,,3264,2448,True,True,26.845474243164062,26.845474243164062,77544,0.009704801038062283,249,1,train
306,data/concrete_crack_segmentation/rgb/306.jpg,data/concrete_crack_segmentation/BW/306.jpg,,3264,2448,True,True,29.99346160888672,29.99346160888672,59704,0.00747208605664488,250,0,train
313,data/concrete_crack_segmentation/rgb/313.jpg,data/concrete_crack_segmentation/BW/313.jpg,,3264,2448,True,True,28.140914916992188,28.140914916992188,53105,0.006646206787453543,251,0,train
321,data/concrete_crack_segmentation/rgb/321.jpg,data/concrete_crack_segmentation/BW/321.jpg,,3264,2448,True,True,28.623519897460938,28.623519897460938,69071,0.008644386574074073,252,0,test
322,data/concrete_crack_segmentation/rgb/322.jpg,data/concrete_crack_segmentation/BW/322.jpg,,3264,2448,True,True,30.624374389648438,30.624374389648438,82806,0.010363351835832372,253,1,train
323,data/concrete_crack_segmentation/rgb/323.jpg,data/concrete_crack_segmentation/BW/323.jpg,,2448,3264,True,True,33.25022888183594,33.25022888183594,88074,0.011022653546712802,254,1,train
324,data/concrete_crack_segmentation/rgb/324.jpg,data/concrete_crack_segmentation/BW/324.jpg,,3264,2448,True,True,23.975120544433594,23.975120544433594,73076,0.009145621075227477,255,0,test
328,data/concrete_crack_segmentation/rgb/328.jpg,data/concrete_crack_segmentation/BW/328.jpg,,3264,2448,True,True,22.925392150878906,22.925392150878906,40651,0.0050875614747533,256,0,train
357,data/concrete_crack_segmentation/rgb/357.JPG,data/concrete_crack_segmentation/BW/357.jpg,6.0,3024,4032,False,True,56.4219970703125,,119763,0.009822461970899471,257,1,test
358,data/concrete_crack_segmentation/rgb/358.JPG,data/concrete_crack_segmentation/BW/358.jpg,6.0,3024,4032,False,True,59.484405517578125,,145379,0.0119233794984043,258,2,train
359,data/concrete_crack_segmentation/rgb/359.JPG,data/concrete_crack_segmentation/BW/359.jpg,6.0,3024,4032,False,True,58.01353454589844,,159735,0.013100798768581506,259,2,val
360,data/concrete_crack_segmentation/rgb/360.JPG,data/concrete_crack_segmentation/BW/360.jpg,6.0,3024,4032,False,True,62.01593017578125,,234445,0.01922820150436718,260,3,train
361,data/concrete_crack_segmentation/rgb/361.JPG,data/concrete_crack_segmentation/BW/361.jpg,6.0,3024,4032,False,True,59.24805450439453,,165937,0.013609460952590913,261,2,train
362,data/concrete_crack_segmentation/rgb/362.JPG,data/concrete_crack_segmentation/BW/362.jpg,6.0,3024,4032,False,True,64.7645263671875,,164722,0.013509811717897035,262,2,train
363,data/concrete_crack_segmentation/rgb/363.JPG,data/concrete_crack_segmentation/BW/363.jpg,6.0,3024,4032,False,True,60.304046630859375,,97116,0.007965049445704208,263,0,train
364,data/concrete_crack_segmentation/rgb/364.JPG,data/concrete_crack_segmentation/BW/364.jpg,6.0,3024,4032,False,True,51.8414306640625,,125109,0.010260918603552532,264,1,train
365,data/concrete_crack_segmentation/rgb/365.JPG,data/concrete_crack_segmentation/BW/365.jpg,6.0,3024,4032,False,True,53.428306579589844,,132329,0.010853072903544134,265,1,test
366,data/concrete_crack_segmentation/rgb/366.JPG,data/concrete_crack_segmentation/BW/366.jpg,6.0,3024,4032,False,True,72.5135498046875,,119498,0.009800727775678173,266,1,test
368,data/concrete_crack_segmentation/rgb/368.JPG,data/concrete_crack_segmentation/BW/368.jpg,6.0,3024,4032,False,True,66.60624694824219,,137798,0.011301617483413118,267,1,val
369,data/concrete_crack_segmentation/rgb/369.JPG,data/concrete_crack_segmentation/BW/369.jpg,6.0,3024,4032,False,True,72.95567321777344,,150802,0.01236815135004619,268,2,train
370,data/concrete_crack_segmentation/rgb/370.JPG,data/concrete_crack_segmentation/BW/370.jpg,6.0,3024,4032,False,True,93.70836639404297,,126589,0.010382302033467707,269,1,train
371,data/concrete_crack_segmentation/rgb/371.JPG,data/concrete_crack_segmentation/BW/371.jpg,6.0,3024,4032,False,True,63.430702209472656,,270242,0.022164122207524985,270,3,train
372,data/concrete_crack_segmentation/rgb/372.JPG,data/concrete_crack_segmentation/BW/372.jpg,6.0,3024,4032,False,True,70.08189392089844,,171419,0.014059071738263207,271,2,train
373,data/concrete_crack_segmentation/rgb/373.JPG,data/concrete_crack_segmentation/BW/373.jpg,6.0,3024,4032,False,True,54.90263366699219,,324954,0.026651372354497355,272,3,train
374,data/concrete_crack_segmentation/rgb/374.JPG,data/concrete_crack_segmentation/BW/374.jpg,6.0,3024,4032,False,True,65.28380584716797,,241971,0.019845452648652052,273,3,train
375,data/concrete_crack_segmentation/rgb/375.JPG,data/concrete_crack_segmentation/BW/375.jpg,6.0,3024,4032,False,True,80.82768249511719,,160113,0.01313180075270849,274,2,val
376,data/concrete_crack_segmentation/rgb/376.JPG,data/concrete_crack_segmentation/BW/376.jpg,6.0,3024,4032,False,True,69.37873077392578,,175287,0.01437630897266314,275,2,train
377,data/concrete_crack_segmentation/rgb/377.JPG,data/concrete_crack_segmentation/BW/377.jpg,6.0,3024,4032,False,True,64.15099334716797,,89982,0.00737994850718065,276,0,train
379,data/concrete_crack_segmentation/rgb/379.JPG,data/concrete_crack_segmentation/BW/379.jpg,6.0,3024,4032,False,True,74.38105773925781,,107388,0.008807516061980348,277,0,train
380,data/concrete_crack_segmentation/rgb/380.JPG,data/concrete_crack_segmentation/BW/380.jpg,6.0,3024,4032,False,True,72.4449234008789,,101909,0.008358151323801126,278,0,train
381,data/concrete_crack_segmentation/rgb/381.JPG,data/concrete_crack_segmentation/BW/381.jpg,6.0,3024,4032,False,True,69.7681884765625,,105769,0.008674732431552867,279,0,val
382,data/concrete_crack_segmentation/rgb/382.JPG,data/concrete_crack_segmentation/BW/382.jpg,6.0,3024,4032,False,True,65.08930206298828,,160705,0.01318035412467456,280,2,test
383,data/concrete_crack_segmentation/rgb/383.JPG,data/concrete_crack_segmentation/BW/383.jpg,6.0,3024,4032,False,True,53.044830322265625,,137084,0.011243058180062148,281,1,train
384,data/concrete_crack_segmentation/rgb/384.JPG,data/concrete_crack_segmentation/BW/384.jpg,6.0,3024,4032,False,True,47.828582763671875,,120311,0.009867406646300496,282,1,train
385,data/concrete_crack_segmentation/rgb/385.JPG,data/concrete_crack_segmentation/BW/385.jpg,6.0,3024,4032,False,True,44.94169616699219,,129705,0.010637863362937768,283,1,train
402,data/concrete_crack_segmentation/rgb/402.JPG,data/concrete_crack_segmentation/BW/402.jpg,6.0,3024,4032,False,True,86.12110137939453,,128361,0.010527634086041824,284,1,train
403,data/concrete_crack_segmentation/rgb/403.JPG,data/concrete_crack_segmentation/BW/403.jpg,6.0,3024,4032,False,True,93.21549987792969,,76065,0.006238534186822877,285,0,val
404,data/concrete_crack_segmentation/rgb/404.JPG,data/concrete_crack_segmentation/BW/404.jpg,6.0,3024,4032,False,True,100.63250732421875,,75284,0.0061744798227933145,286,0,train
405,data/concrete_crack_segmentation/rgb/405.JPG,data/concrete_crack_segmentation/BW/405.jpg,6.0,3024,4032,False,True,84.69400787353516,,129779,0.010643932534433527,287,1,train
406,data/concrete_crack_segmentation/rgb/406.JPG,data/concrete_crack_segmentation/BW/406.jpg,6.0,3024,4032,False,True,96.77560424804688,,92085,0.007552427799823633,288,0,train
407,data/concrete_crack_segmentation/rgb/407.JPG,data/concrete_crack_segmentation/BW/407.jpg,6.0,3024,4032,False,True,78.65725708007812,,73530,0.006030624055177626,289,0,train
408,data/concrete_crack_segmentation/rgb/408.JPG,data/concrete_crack_segmentation/BW/408.jpg,6.0,3024,4032,False,True,86.07354736328125,,102641,0.008418186912110524,290,0,train
409,data/concrete_crack_segmentation/rgb/409.JPG,data/concrete_crack_segmentation/BW/409.jpg,6.0,3024,4032,False,True,78.01022338867188,,107615,0.008826133655622743,291,0,val
410,data/concrete_crack_segmentation/rgb/410.JPG,data/concrete_crack_segmentation/BW/410.jpg,6.0,3024,4032,False,True,82.46149444580078,,115880,0.009503994499034182,292,1,val
412,data/concrete_crack_segmentation/rgb/412.JPG,data/concrete_crack_segmentation/BW/412.jpg,6.0,3024,4032,False,True,73.22129821777344,,127101,0.010424294138951877,293,1,val
413,data/concrete_crack_segmentation/rgb/413.JPG,data/concrete_crack_segmentation/BW/413.jpg,6.0,3024,4032,False,True,95.35665130615234,,133348,0.010936647035357353,294,1,test
415,data/concrete_crack_segmentation/rgb/415.JPG,data/concrete_crack_segmentation/BW/415.jpg,6.0,3024,4032,False,True,89.81852722167969,,173372,0.014219248656252624,295,2,train
416,data/concrete_crack_segmentation/rgb/416.JPG,data/concrete_crack_segmentation/BW/416.jpg,6.0,3024,4032,False,True,81.29450225830078,,181000,0.014844865415301924,296,2,train
417,data/concrete_crack_segmentation/rgb/417.JPG,data/concrete_crack_segmentation/BW/417.jpg,6.0,3024,4032,False,True,111.81623077392578,,144587,0.011858422960233476,297,2,train
418,data/concrete_crack_segmentation/rgb/418.JPG,data/concrete_crack_segmentation/BW/418.jpg,6.0,3024,4032,False,True,84.70879364013672,,178356,0.014628015558075082,298,2,train
419,data/concrete_crack_segmentation/rgb/419.JPG,data/concrete_crack_segmentation/BW/419.jpg,6.0,3024,4032,False,True,104.52149200439453,,170495,0.013983289110397245,299,2,train
420,data/concrete_crack_segmentation/rgb/420.JPG,data/concrete_crack_segmentation/BW/420.jpg,6.0,3024,4032,False,True,98.7707290649414,,238916,0.019594894284874445,300,3,train
421,data/concrete_crack_segmentation/rgb/421.JPG,data/concrete_crack_segmentation/BW/421.jpg,6.0,3024,4032,False,True,101.623291015625,,192372,0.015777549445704208,300,3,train
423,data/concrete_crack_segmentation/rgb/423.JPG,data/concrete_crack_segmentation/BW/423.jpg,6.0,3024,4032,False,True,75.11967468261719,,176575,0.014481945363021751,301,2,train
424,data/concrete_crack_segmentation/rgb/424.JPG,data/concrete_crack_segmentation/BW/424.jpg,6.0,3024,4032,False,True,66.75318908691406,,178076,0.014605051125388426,302,2,val
425,data/concrete_crack_segmentation/rgb/425.JPG,data/concrete_crack_segmentation/BW/425.jpg,6.0,3024,4032,False,True,78.5381088256836,,140946,0.01155980331947594,303,1,test
426,data/concrete_crack_segmentation/rgb/426.JPG,data/concrete_crack_segmentation/BW/426.jpg,6.0,3024,4032,False,True,79.48558807373047,,167800,0.013762256445788192,304,2,test
427,data/concrete_crack_segmentation/rgb/427.JPG,data/concrete_crack_segmentation/BW/427.jpg,6.0,3024,4032,False,True,94.48013305664062,,193525,0.01587211369887461,305,3,train
428,data/concrete_crack_segmentation/rgb/428.JPG,data/concrete_crack_segmentation/BW/428.jpg,6.0,3024,4032,False,True,95.99830627441406,,197475,0.016196076231418492,306,3,train
429,data/concrete_crack_segmentation/rgb/429.JPG,data/concrete_crack_segmentation/BW/429.jpg,6.0,3024,4032,False,True,83.14595031738281,,199969,0.016400623713991768,307,3,train
430,data/concrete_crack_segmentation/rgb/430.JPG,data/concrete_crack_segmentation/BW/430.jpg,6.0,3024,4032,False,True,68.13706970214844,,163803,0.013434439169186192,308,2,train
431,data/concrete_crack_segmentation/rgb/431.JPG,data/concrete_crack_segmentation/BW/431.jpg,6.0,3024,4032,False,True,74.30907440185547,,149205,0.012237172067901234,309,2,train
433,data/concrete_crack_segmentation/rgb/433.JPG,data/concrete_crack_segmentation/BW/433.jpg,6.0,3024,4032,False,True,57.44927215576172,,154351,0.012659225534349542,310,2,train
434,data/concrete_crack_segmentation/rgb/434.JPG,data/concrete_crack_segmentation/BW/434.jpg,6.0,3024,4032,False,True,69.2286376953125,,133052,0.010912370349374317,311,1,train
435,data/concrete_crack_segmentation/rgb/435.JPG,data/concrete_crack_segmentation/BW/435.jpg,6.0,3024,4032,False,True,77.81072235107422,,105745,0.008672764051608297,312,0,test
436,data/concrete_crack_segmentation/rgb/436.JPG,data/concrete_crack_segmentation/BW/436.jpg,6.0,3024,4032,False,True,79.90493774414062,,140564,0.01152847327202486,313,1,train
437,data/concrete_crack_segmentation/rgb/437.JPG,data/concrete_crack_segmentation/BW/437.jpg,6.0,3024,4032,False,True,55.50529479980469,,168377,0.013809579580288906,314,2,train
439,data/concrete_crack_segmentation/rgb/439.JPG,data/concrete_crack_segmentation/BW/439.jpg,6.0,3024,4032,False,True,65.07540130615234,,98454,0.008074786627614008,315,0,train
441,data/concrete_crack_segmentation/rgb/441.JPG,data/concrete_crack_segmentation/BW/441.jpg,6.0,3024,4032,False,True,70.9133529663086,,117596,0.009644733665070966,316,1,val
442,data/concrete_crack_segmentation/rgb/442.JPG,data/concrete_crack_segmentation/BW/442.jpg,6.0,3024,4032,False,True,67.30921936035156,,95857,0.007861791514445285,317,0,train
444,data/concrete_crack_segmentation/rgb/444.JPG,data/concrete_crack_segmentation/BW/444.jpg,6.0,3024,4032,False,True,71.18419647216797,,119997,0.009841653675359033,318,1,train
445,data/concrete_crack_segmentation/rgb/445.JPG,data/concrete_crack_segmentation/BW/445.jpg,6.0,3024,4032,False,True,69.42650604248047,,119838,0.009828613158226253,319,1,train
446,data/concrete_crack_segmentation/rgb/446.JPG,data/concrete_crack_segmentation/BW/446.jpg,6.0,3024,4032,False,True,69.73699188232422,,138607,0.011367968290711346,320,1,val
447,data/concrete_crack_segmentation/rgb/447.JPG,data/concrete_crack_segmentation/BW/447.jpg,6.0,3024,4032,False,True,82.66349029541016,,119363,0.009789655638489964,321,1,train
448,data/concrete_crack_segmentation/rgb/448.JPG,data/concrete_crack_segmentation/BW/448.jpg,6.0,3024,4032,False,True,53.386688232421875,,300794,0.02466986987696313,322,3,train
449,data/concrete_crack_segmentation/rgb/449.JPG,data/concrete_crack_segmentation/BW/449.jpg,6.0,3024,4032,False,True,72.1438980102539,,143439,0.01176426878621819,323,2,val
451,data/concrete_crack_segmentation/rgb/451.JPG,data/concrete_crack_segmentation/BW/451.jpg,6.0,3024,4032,False,True,76.14866638183594,,153334,0.01257581543419837,324,2,test
452,data/concrete_crack_segmentation/rgb/452.JPG,data/concrete_crack_segmentation/BW/452.jpg,6.0,3024,4032,False,True,81.8246078491211,,172348,0.014135264445284287,325,2,train
453,data/concrete_crack_segmentation/rgb/453.JPG,data/concrete_crack_segmentation/BW/453.jpg,6.0,3024,4032,False,True,52.04584503173828,,384944,0.031571502057613166,326,3,train
454,data/concrete_crack_segmentation/rgb/454.JPG,data/concrete_crack_segmentation/BW/454.jpg,6.0,3024,4032,False,True,89.06047058105469,,170544,0.01398730788611741,327,2,val
455,data/concrete_crack_segmentation/rgb/455.JPG,data/concrete_crack_segmentation/BW/455.jpg,6.0,3024,4032,False,True,64.03123474121094,,155696,0.01276953682707651,328,2,train
456,data/concrete_crack_segmentation/rgb/456.JPG,data/concrete_crack_segmentation/BW/456.jpg,6.0,3024,4032,False,True,71.95594787597656,,124223,0.010188252577265473,329,1,train
457,data/concrete_crack_segmentation/rgb/457.JPG,data/concrete_crack_segmentation/BW/457.jpg,6.0,3024,4032,False,True,75.73992919921875,,179429,0.014716018544763584,330,2,train
458,data/concrete_crack_segmentation/rgb/458.JPG,data/concrete_crack_segmentation/BW/458.jpg,6.0,3024,4032,False,True,61.36260223388672,,202396,0.016599676135886452,331,3,train
459,data/concrete_crack_segmentation/rgb/459.JPG,data/concrete_crack_segmentation/BW/459.jpg,6.0,3024,4032,False,True,80.38865661621094,,130898,0.010735708249349123,332,1,val
460,data/concrete_crack_segmentation/rgb/460.JPG,data/concrete_crack_segmentation/BW/460.jpg,6.0,3024,4032,False,True,55.688636779785156,,170949,0.014020524297682036,333,2,train
463,data/concrete_crack_segmentation/rgb/463.JPG,data/concrete_crack_segmentation/BW/463.jpg,6.0,3024,4032,False,True,76.56876373291016,,134755,0.011052043309607794,334,1,train
464,data/concrete_crack_segmentation/rgb/464.JPG,data/concrete_crack_segmentation/BW/464.jpg,6.0,3024,4032,False,True,60.97636413574219,,115259,0.009453062667968422,335,0,train
465,data/concrete_crack_segmentation/rgb/465.JPG,data/concrete_crack_segmentation/BW/465.jpg,6.0,3024,4032,False,True,69.82589721679688,,101885,0.008356182943856556,336,0,train
466,data/concrete_crack_segmentation/rgb/466.JPG,data/concrete_crack_segmentation/BW/466.jpg,6.0,3024,4032,False,True,73.7620849609375,,116510,0.009555664472579155,337,1,train
468,data/concrete_crack_segmentation/rgb/468.JPG,data/concrete_crack_segmentation/BW/468.jpg,6.0,3024,4032,False,True,85.91598510742188,,249939,0.02049895479024943,338,3,train
469,data/concrete_crack_segmentation/rgb/469.JPG,data/concrete_crack_segmentation/BW/469.jpg,6.0,3024,4032,False,True,59.544517517089844,,305914,0.02508979093180482,339,3,train
470,data/concrete_crack_segmentation/rgb/470.JPG,data/concrete_crack_segmentation/BW/470.jpg,6.0,3024,4032,False,True,69.01472473144531,,171693,0.01408154407596372,340,2,val
471,data/concrete_crack_segmentation/rgb/471.JPG,data/concrete_crack_segmentation/BW/471.jpg,6.0,3024,4032,False,True,73.84576416015625,,141648,0.011617378432854623,341,1,test
472,data/concrete_crack_segmentation/rgb/472.JPG,data/concrete_crack_segmentation/BW/472.jpg,6.0,3024,4032,False,True,57.2928466796875,,308682,0.02531681075207861,342,3,train
475,data/concrete_crack_segmentation/rgb/475.JPG,data/concrete_crack_segmentation/BW/475.jpg,6.0,3024,4032,False,True,73.60038757324219,,242856,0.019918036659108088,343,3,train
476,data/concrete_crack_segmentation/rgb/476.JPG,data/concrete_crack_segmentation/BW/476.jpg,6.0,3024,4032,False,True,63.44267272949219,,261146,0.021418106208532794,344,3,test
477,data/concrete_crack_segmentation/rgb/477.JPG,data/concrete_crack_segmentation/BW/477.jpg,6.0,3024,4032,False,True,54.98467254638672,,115822,0.009499237580834803,345,1,val
478,data/concrete_crack_segmentation/rgb/478.JPG,data/concrete_crack_segmentation/BW/478.jpg,6.0,3024,4032,False,True,58.44891357421875,,142591,0.011694719361510036,346,1,train
479,data/concrete_crack_segmentation/rgb/479.JPG,data/concrete_crack_segmentation/BW/479.jpg,6.0,3024,4032,False,True,70.51898193359375,,158911,0.013033217723817922,347,2,train
480,data/concrete_crack_segmentation/rgb/480.JPG,data/concrete_crack_segmentation/BW/480.jpg,6.0,3024,4032,False,True,73.72061920166016,,167893,0.013769883918073402,348,2,train
482,data/concrete_crack_segmentation/rgb/482.JPG,data/concrete_crack_segmentation/BW/482.jpg,6.0,3024,4032,False,True,59.32300567626953,,148374,0.012169016912320484,349,2,train
483,data/concrete_crack_segmentation/rgb/483.JPG,data/concrete_crack_segmentation/BW/483.jpg,6.0,3024,4032,False,True,37.247283935546875,,141598,0.011613277641303436,350,1,val
485,data/concrete_crack_segmentation/rgb/485.JPG,data/concrete_crack_segmentation/BW/485.jpg,6.0,3024,4032,False,True,58.617210388183594,,186008,0.01525560069706895,351,2,train
486,data/concrete_crack_segmentation/rgb/486.JPG,data/concrete_crack_segmentation/BW/486.jpg,6.0,3024,4032,False,True,79.0482177734375,,213168,0.017483150667674478,352,3,train
487,data/concrete_crack_segmentation/rgb/487.JPG,data/concrete_crack_segmentation/BW/487.jpg,6.0,3024,4032,False,True,80.48284149169922,,232797,0.01909303941484001,353,3,test
488,data/concrete_crack_segmentation/rgb/488.JPG,data/concrete_crack_segmentation/BW/488.jpg,6.0,3024,4032,False,True,84.31961059570312,,250870,0.02057531152893256,354,3,train
489,data/concrete_crack_segmentation/rgb/489.JPG,data/concrete_crack_segmentation/BW/489.jpg,6.0,3024,4032,False,True,95.95799255371094,,220694,0.018100401811959353,355,3,test
490,data/concrete_crack_segmentation/rgb/490.JPG,data/concrete_crack_segmentation/BW/490.jpg,6.0,3024,4032,False,True,51.99005126953125,,420626,0.03449799094020324,356,3,train
491,data/concrete_crack_segmentation/rgb/491.JPG,data/concrete_crack_segmentation/BW/491.jpg,6.0,3024,4032,False,True,98.71345520019531,,242474,0.019886706611657007,357,3,test
493,data/concrete_crack_segmentation/rgb/493.JPG,data/concrete_crack_segmentation/BW/493.jpg,6.0,3024,4032,False,True,86.39657592773438,,61687,0.005059310568363147,358,0,val
496,data/concrete_crack_segmentation/rgb/496.JPG,data/concrete_crack_segmentation/BW/496.jpg,6.0,3024,4032,False,True,65.62671661376953,,90470,0.007419972232720249,359,0,train
497,data/concrete_crack_segmentation/rgb/497.JPG,data/concrete_crack_segmentation/BW/497.jpg,3.0,4032,3024,True,True,67.81645965576172,4.750648498535156,133235,0.010927379246451667,360,1,val
498,data/concrete_crack_segmentation/rgb/498.JPG,data/concrete_crack_segmentation/BW/498.jpg,3.0,4032,3024,True,True,64.0293960571289,10.412666320800781,145469,0.01193076092319644,361,2,train
499,data/concrete_crack_segmentation/rgb/499.JPG,data/concrete_crack_segmentation/BW/499.jpg,3.0,4032,3024,True,True,74.0917739868164,-0.2305450439453125,112282,0.009208901539010666,362,0,train
500,data/concrete_crack_segmentation/rgb/500.JPG,data/concrete_crack_segmentation/BW/500.jpg,3.0,4032,3024,True,True,73.76146697998047,8.886825561523438,85521,0.007014075884983623,363,0,train
501,data/concrete_crack_segmentation/rgb/501.JPG,data/concrete_crack_segmentation/BW/501.jpg,3.0,4032,3024,True,True,74.12830352783203,-4.438865661621094,143433,0.011763776691232049,364,2,train
503,data/concrete_crack_segmentation/rgb/503.JPG,data/concrete_crack_segmentation/BW/503.jpg,3.0,4032,3024,True,True,60.330169677734375,3.9851913452148438,115954,0.00951006367052994,365,1,val
504,data/concrete_crack_segmentation/rgb/504.JPG,data/concrete_crack_segmentation/BW/504.jpg,3.0,4032,3024,True,True,64.33740234375,5.955841064453125,110627,0.00907316533866633,366,0,train
506,data/concrete_crack_segmentation/rgb/506.JPG,data/concrete_crack_segmentation/BW/506.jpg,6.0,3024,4032,False,True,60.35357666015625,,130077,0.01066837325207861,367,1,train
507,data/concrete_crack_segmentation/rgb/507.JPG,data/concrete_crack_segmentation/BW/507.jpg,3.0,4032,3024,True,True,70.80982208251953,3.46826171875,111449,0.009140582351767868,368,0,train
508,data/concrete_crack_segmentation/rgb/508.JPG,data/concrete_crack_segmentation/BW/508.jpg,3.0,4032,3024,True,True,75.99050903320312,6.957244873046875,158842,0.013027558631477282,369,2,val
509,data/concrete_crack_segmentation/rgb/509.JPG,data/concrete_crack_segmentation/BW/509.jpg,3.0,4032,3024,True,True,53.98429870605469,7.2017974853515625,148964,0.012217406252624506,370,2,train
510,data/concrete_crack_segmentation/rgb/510.JPG,data/concrete_crack_segmentation/BW/510.jpg,3.0,4032,3024,True,True,73.0582504272461,-0.2943267822265625,120217,0.009859697158184261,371,1,train
511,data/concrete_crack_segmentation/rgb/511.JPG,data/concrete_crack_segmentation/BW/511.jpg,3.0,4032,3024,True,True,64.66888427734375,1.8885002136230469,186557,0.015300627388301,372,2,val
512,data/concrete_crack_segmentation/rgb/512.JPG,data/concrete_crack_segmentation/BW/512.jpg,3.0,4032,3024,True,True,75.6176986694336,12.799263000488281,140732,0.011542251931636853,373,1,val
513,data/concrete_crack_segmentation/rgb/513.JPG,data/concrete_crack_segmentation/BW/513.jpg,3.0,4032,3024,True,True,80.96403503417969,27.504470825195312,207530,0.017020745412362474,374,3,train
514,data/concrete_crack_segmentation/rgb/514.JPG,data/concrete_crack_segmentation/BW/514.jpg,3.0,4032,3024,True,True,83.63951110839844,0.574951171875,150635,0.012354454706265222,375,2,test
515,data/concrete_crack_segmentation/rgb/515.JPG,data/concrete_crack_segmentation/BW/515.jpg,1.0,4032,3024,True,True,79.57117462158203,79.57117462158203,191600,0.01571423322415386,230,3,train
516,data/concrete_crack_segmentation/rgb/516.JPG,data/concrete_crack_segmentation/BW/516.jpg,1.0,4032,3024,True,True,72.19975280761719,72.19975280761719,208172,0.017073399575879736,231,3,test
517,data/concrete_crack_segmentation/rgb/517.JPG,data/concrete_crack_segmentation/BW/517.jpg,6.0,3024,4032,False,True,59.908294677734375,,103884,0.008520132590073067,376,0,test
518,data/concrete_crack_segmentation/rgb/518.JPG,data/concrete_crack_segmentation/BW/518.jpg,1.0,4032,3024,True,True,47.342529296875,47.342529296875,139268,0.011422180755018057,232,1,train
520,data/concrete_crack_segmentation/rgb/520.JPG,data/concrete_crack_segmentation/BW/520.jpg,1.0,4032,3024,True,True,59.614967346191406,59.614967346191406,101012,0.008284583123372807,233,0,train
521,data/concrete_crack_segmentation/rgb/521.JPG,data/concrete_crack_segmentation/BW/521.jpg,1.0,4032,3024,True,True,48.946144104003906,48.946144104003906,116912,0.00958863483665071,234,1,val
522,data/concrete_crack_segmentation/rgb/522.JPG,data/concrete_crack_segmentation/BW/522.jpg,1.0,4032,3024,True,True,63.114295959472656,63.114295959472656,114495,0.009390402573066264,235,0,val
523,data/concrete_crack_segmentation/rgb/523.JPG,data/concrete_crack_segmentation/BW/523.jpg,1.0,4032,3024,True,True,69.58404541015625,69.58404541015625,89705,0.0073572301219870665,236,0,val
525,data/concrete_crack_segmentation/rgb/525.JPG,data/concrete_crack_segmentation/BW/525.jpg,6.0,3024,4032,False,True,73.37645721435547,,139255,0.011421114549214748,377,1,train
526,data/concrete_crack_segmentation/rgb/526.JPG,data/concrete_crack_segmentation/BW/526.jpg,6.0,3024,4032,False,True,57.681365966796875,,159006,0.013041009227765181,378,2,train
527,data/concrete_crack_segmentation/rgb/527.JPG,data/concrete_crack_segmentation/BW/527.jpg,6.0,3024,4032,False,True,71.65948486328125,,319699,0.026220379162467455,379,3,train
528,data/concrete_crack_segmentation/rgb/528.JPG,data/concrete_crack_segmentation/BW/528.jpg,6.0,3024,4032,False,True,68.73881530761719,,108315,0.00888354473733938,380,0,val
529,data/concrete_crack_segmentation/rgb/529.JPG,data/concrete_crack_segmentation/BW/529.jpg,6.0,3024,4032,False,True,71.5183334350586,,303709,0.024908946024397412,381,3,train
530,data/concrete_crack_segmentation/rgb/530.JPG,data/concrete_crack_segmentation/BW/530.jpg,6.0,3024,4032,False,True,104.305419921875,,247356,0.020287107898715042,382,3,val
532,data/concrete_crack_segmentation/rgb/532.JPG,data/concrete_crack_segmentation/BW/532.jpg,6.0,3024,4032,False,True,69.5494155883789,,136960,0.0112328882170152,383,1,val
533,data/concrete_crack_segmentation/rgb/533.JPG,data/concrete_crack_segmentation/BW/533.jpg,6.0,3024,4032,False,True,64.41569519042969,,146964,0.012053374590576971,384,2,test
534,data/concrete_crack_segmentation/rgb/534.JPG,data/concrete_crack_segmentation/BW/534.jpg,6.0,3024,4032,False,True,56.30340576171875,,152159,0.012479446832745444,385,2,train
535,data/concrete_crack_segmentation/rgb/535.JPG,data/concrete_crack_segmentation/BW/535.jpg,6.0,3024,4032,False,True,43.20403289794922,,80408,0.0065947289409591,386,0,train
536,data/concrete_crack_segmentation/rgb/536.JPG,data/concrete_crack_segmentation/BW/536.jpg,6.0,3024,4032,False,True,73.33749389648438,,111303,0.009128608040438397,387,0,test
537,data/concrete_crack_segmentation/rgb/537.JPG,data/concrete_crack_segmentation/BW/537.jpg,6.0,3024,4032,False,True,70.53276824951172,,122085,0.01001290273053666,388,1,train
540,data/concrete_crack_segmentation/rgb/540.JPG,data/concrete_crack_segmentation/BW/540.jpg,6.0,3024,4032,False,True,49.009979248046875,,164149,0.013462816646720416,389,2,train
541,data/concrete_crack_segmentation/rgb/541.JPG,data/concrete_crack_segmentation/BW/541.jpg,6.0,3024,4032,False,True,76.57610321044922,,155962,0.012791353038128832,390,2,val
542,data/concrete_crack_segmentation/rgb/542.JPG,data/concrete_crack_segmentation/BW/542.jpg,6.0,3024,4032,False,True,57.740203857421875,,122137,0.010017167553749895,391,1,train
543,data/concrete_crack_segmentation/rgb/543.JPG,data/concrete_crack_segmentation/BW/543.jpg,6.0,3024,4032,False,True,55.31077575683594,,137591,0.011284640206391198,392,1,test
544,data/concrete_crack_segmentation/rgb/544.JPG,data/concrete_crack_segmentation/BW/544.jpg,6.0,3024,4032,False,True,54.909156799316406,,206102,0.016903626805660536,393,3,train
546,data/concrete_crack_segmentation/rgb/546.JPG,data/concrete_crack_segmentation/BW/546.jpg,6.0,3024,4032,False,True,68.38728332519531,,82566,0.00677171910430839,394,0,train
547,data/concrete_crack_segmentation/rgb/547.JPG,data/concrete_crack_segmentation/BW/547.jpg,6.0,3024,4032,False,True,57.298255920410156,,190429,0.015618192686025028,395,2,test
548,data/concrete_crack_segmentation/rgb/548.JPG,data/concrete_crack_segmentation/BW/548.jpg,6.0,3024,4032,False,True,79.63569641113281,,178063,0.014603984919585119,396,2,train
549,data/concrete_crack_segmentation/rgb/549.JPG,data/concrete_crack_segmentation/BW/549.jpg,6.0,3024,4032,False,True,39.13225555419922,,605130,0.049630239827412444,397,3,train
550,data/concrete_crack_segmentation/rgb/550.JPG,data/concrete_crack_segmentation/BW/550.jpg,6.0,3024,4032,False,True,86.80509948730469,,277482,0.022757916824137064,398,3,train
551,data/concrete_crack_segmentation/rgb/551.JPG,data/concrete_crack_segmentation/BW/551.jpg,6.0,3024,4032,False,True,89.58413696289062,,285228,0.023393211451247165,399,3,train
552,data/concrete_crack_segmentation/rgb/552.JPG,data/concrete_crack_segmentation/BW/552.jpg,6.0,3024,4032,False,True,77.99695587158203,,356852,0.02926751333249349,400,3,train
553,data/concrete_crack_segmentation/rgb/553.JPG,data/concrete_crack_segmentation/BW/553.jpg,6.0,3024,4032,False,True,80.32386016845703,,325323,0.026681636196145126,401,3,val
554,data/concrete_crack_segmentation/rgb/554.JPG,data/concrete_crack_segmentation/BW/554.jpg,6.0,3024,4032,False,True,76.37696838378906,,245064,0.020099127614008568,402,3,train
555,data/concrete_crack_segmentation/rgb/555.JPG,data/concrete_crack_segmentation/BW/555.jpg,6.0,3024,4032,False,True,61.88502502441406,,345368,0.028325643529016543,403,3,train
556,data/concrete_crack_segmentation/rgb/556.JPG,data/concrete_crack_segmentation/BW/556.jpg,6.0,3024,4032,False,True,57.459716796875,,320043,0.026248592608339633,404,3,train
558,data/concrete_crack_segmentation/rgb/558.JPG,data/concrete_crack_segmentation/BW/558.jpg,6.0,3024,4032,False,True,70.7108154296875,,319189,0.026178551088645335,405,3,val
559,data/concrete_crack_segmentation/rgb/559.JPG,data/concrete_crack_segmentation/BW/559.jpg,6.0,3024,4032,False,True,82.3265151977539,,206028,0.016897557634164777,406,3,val
560,data/concrete_crack_segmentation/rgb/560.JPG,data/concrete_crack_segmentation/BW/560.jpg,6.0,3024,4032,False,True,88.72197723388672,,237051,0.019441934760015118,407,3,train
561,data/concrete_crack_segmentation/rgb/561.JPG,data/concrete_crack_segmentation/BW/561.jpg,6.0,3024,4032,False,True,83.62591552734375,,244157,0.02002473925527001,408,3,test
562,data/concrete_crack_segmentation/rgb/562.JPG,data/concrete_crack_segmentation/BW/562.jpg,6.0,3024,4032,False,True,52.951473236083984,,562007,0.04609347114617452,409,3,test
563,data/concrete_crack_segmentation/rgb/563.JPG,data/concrete_crack_segmentation/BW/563.jpg,6.0,3024,4032,False,True,69.94745635986328,,308016,0.02526218820861678,410,3,train
564,data/concrete_crack_segmentation/rgb/564.JPG,data/concrete_crack_segmentation/BW/564.jpg,6.0,3024,4032,False,True,75.39681243896484,,305052,0.025019093285462334,411,3,train
565,data/concrete_crack_segmentation/rgb/565.JPG,data/concrete_crack_segmentation/BW/565.jpg,6.0,3024,4032,False,True,77.92198181152344,,240530,0.019727267836146804,412,3,val
566,data/concrete_crack_segmentation/rgb/566.JPG,data/concrete_crack_segmentation/BW/566.jpg,6.0,3024,4032,False,True,83.16778564453125,,229203,0.01879827451814059,413,3,val
567,data/concrete_crack_segmentation/rgb/567.JPG,data/concrete_crack_segmentation/BW/567.jpg,6.0,3024,4032,False,True,99.45649719238281,,288781,0.02368461369887461,414,3,train
568,data/concrete_crack_segmentation/rgb/568.JPG,data/concrete_crack_segmentation/BW/568.jpg,6.0,3024,4032,False,True,59.27949523925781,,125394,0.010284293115394305,415,1,test
571,data/concrete_crack_segmentation/rgb/571.JPG,data/concrete_crack_segmentation/BW/571.jpg,6.0,3024,4032,False,True,67.12344360351562,,118065,0.009683199089821114,416,1,train
572,data/concrete_crack_segmentation/rgb/572.JPG,data/concrete_crack_segmentation/BW/572.jpg,6.0,3024,4032,False,True,79.5724105834961,,101836,0.00835216416813639,417,0,train
573,data/concrete_crack_segmentation/rgb/573.JPG,data/concrete_crack_segmentation/BW/573.jpg,6.0,3024,4032,False,True,82.04183959960938,,100807,0.008267769878012934,418,0,test
574,data/concrete_crack_segmentation/rgb/574.JPG,data/concrete_crack_segmentation/BW/574.jpg,6.0,3024,4032,False,True,78.82077026367188,,82377,0.006756218112244898,419,0,train
575,data/concrete_crack_segmentation/rgb/575.JPG,data/concrete_crack_segmentation/BW/575.jpg,6.0,3024,4032,False,True,70.20489501953125,,77385,0.00634679508377425,420,0,val
576,data/concrete_crack_segmentation/rgb/576.JPG,data/concrete_crack_segmentation/BW/576.jpg,6.0,3024,4032,False,True,72.55862426757812,,76342,0.006261252572016461,421,0,train
577,data/concrete_crack_segmentation/rgb/577.JPG,data/concrete_crack_segmentation/BW/577.jpg,6.0,3024,4032,False,True,61.94090270996094,,69435,0.005694769227135299,422,0,train
578,data/concrete_crack_segmentation/rgb/578.JPG,data/concrete_crack_segmentation/BW/578.jpg,6.0,3024,4032,False,True,67.69915771484375,,91525,0.007506498934450323,423,0,train
579,data/concrete_crack_segmentation/rgb/579.JPG,data/concrete_crack_segmentation/BW/579.jpg,6.0,3024,4032,False,True,60.59922790527344,,179453,0.014717986924708154,424,2,train
580,data/concrete_crack_segmentation/rgb/580.JPG,data/concrete_crack_segmentation/BW/580.jpg,6.0,3024,4032,False,True,73.35563659667969,,99261,0.00814097340325019,425,0,train
581,data/concrete_crack_segmentation/rgb/581.JPG,data/concrete_crack_segmentation/BW/581.jpg,6.0,3024,4032,False,True,62.85460662841797,,133037,0.010911140111908961,426,1,train
582,data/concrete_crack_segmentation/rgb/582.JPG,data/concrete_crack_segmentation/BW/582.jpg,6.0,3024,4032,False,True,89.97246551513672,,92080,0.007552017720668515,427,0,train
583,data/concrete_crack_segmentation/rgb/583.JPG,data/concrete_crack_segmentation/BW/583.jpg,6.0,3024,4032,False,True,84.90764617919922,,122026,0.010008063796506256,428,1,train
584,data/concrete_crack_segmentation/rgb/584.JPG,data/concrete_crack_segmentation/BW/584.jpg,6.0,3024,4032,False,True,76.81341552734375,,132874,0.010897771531452088,429,1,test
585,data/concrete_crack_segmentation/rgb/585.JPG,data/concrete_crack_segmentation/BW/585.jpg,6.0,3024,4032,False,True,87.93119049072266,,110951,0.009099738467918032,430,0,train
586,data/concrete_crack_segmentation/rgb/586.JPG,data/concrete_crack_segmentation/BW/586.jpg,6.0,3024,4032,False,True,69.65090942382812,,212441,0.0174235251585202,431,3,train
587,data/concrete_crack_segmentation/rgb/587.JPG,data/concrete_crack_segmentation/BW/587.jpg,6.0,3024,4032,False,True,76.51215362548828,,232782,0.019091809177374654,432,3,val
588,data/concrete_crack_segmentation/rgb/588.JPG,data/concrete_crack_segmentation/BW/588.jpg,6.0,3024,4032,False,True,79.80805969238281,,205745,0.016874347153985052,433,3,val
589,data/concrete_crack_segmentation/rgb/589.JPG,data/concrete_crack_segmentation/BW/589.jpg,6.0,3024,4032,False,True,85.07733154296875,,194138,0.01592238940329218,434,3,train
590,data/concrete_crack_segmentation/rgb/590.JPG,data/concrete_crack_segmentation/BW/590.jpg,6.0,3024,4032,False,True,50.870086669921875,,150796,0.012367659255060049,435,2,train
591,data/concrete_crack_segmentation/rgb/591.JPG,data/concrete_crack_segmentation/BW/591.jpg,6.0,3024,4032,False,True,80.8450927734375,,182918,0.015002171779205509,436,2,test
593,data/concrete_crack_segmentation/rgb/593.JPG,data/concrete_crack_segmentation/BW/593.jpg,6.0,3024,4032,False,True,89.45018005371094,,137630,0.011287838823801126,437,1,train
595,data/concrete_crack_segmentation/rgb/595.JPG,data/concrete_crack_segmentation/BW/595.jpg,6.0,3024,4032,False,True,73.26164245605469,,107343,0.008803825349584278,438,0,train
596,data/concrete_crack_segmentation/rgb/596.JPG,data/concrete_crack_segmentation/BW/596.jpg,6.0,3024,4032,False,True,86.28717041015625,,122236,0.010025287121021248,439,1,train
600,data/concrete_crack_segmentation/rgb/600.JPG,data/concrete_crack_segmentation/BW/600.jpg,6.0,3024,4032,False,True,52.02685546875,,143150,0.011740566211052322,440,2,train
602,data/concrete_crack_segmentation/rgb/602.JPG,data/concrete_crack_segmentation/BW/602.jpg,6.0,3024,4032,False,True,79.28052520751953,,129634,0.01063204023893508,441,1,train
603,data/concrete_crack_segmentation/rgb/603.JPG,data/concrete_crack_segmentation/BW/603.jpg,6.0,3024,4032,False,True,58.409996032714844,,126851,0.010403790181195935,442,1,train
604,data/concrete_crack_segmentation/rgb/604.JPG,data/concrete_crack_segmentation/BW/604.jpg,6.0,3024,4032,False,True,61.96343231201172,,117243,0.009615782076719577,443,1,train
605,data/concrete_crack_segmentation/rgb/605.JPG,data/concrete_crack_segmentation/BW/605.jpg,6.0,3024,4032,False,True,57.60772705078125,,139477,0.011439322063702025,444,1,train
606,data/concrete_crack_segmentation/rgb/606.JPG,data/concrete_crack_segmentation/BW/606.jpg,6.0,3024,4032,False,True,67.31837463378906,,105380,0.008642828273284622,445,0,train
607,data/concrete_crack_segmentation/rgb/607.JPG,data/concrete_crack_segmentation/BW/607.jpg,6.0,3024,4032,False,True,69.4473876953125,,144550,0.011855388374485597,446,2,train
608,data/concrete_crack_segmentation/rgb/608.JPG,data/concrete_crack_segmentation/BW/608.jpg,6.0,3024,4032,False,True,67.0539321899414,,113845,0.009337092282900814,447,0,train
609,data/concrete_crack_segmentation/rgb/609.JPG,data/concrete_crack_segmentation/BW/609.jpg,6.0,3024,4032,False,True,56.98097229003906,,120799,0.009907430371840093,448,1,train
610,data/concrete_crack_segmentation/rgb/610.JPG,data/concrete_crack_segmentation/BW/610.jpg,6.0,3024,4032,False,True,58.67119598388672,,115361,0.009461428282732847,449,0,test
